SYSTEM,WATERWAY,SITE,TRANSECT,SUB_TRANS,METRES,METRES_RANGE,SPECIES,RECRUIT_ORIGIN,RECRUIT_COUNT,DATE,SURVEY,Notes
Glenelg,Glenelg,Warrock,1,W,-1, -1 to 0,Dicot,NA,10_50,24/09/2018,1,
Glenelg,Glenelg,Warrock,1,A,0,0 to 1,Dicot,NA,50_100,24/09/2018,1,
Glenelg,Glenelg,Warrock,1,A,0,0 to 1,Rumex spp.,native,10_50,24/09/2018,1,
Glenelg,Glenelg,Warrock,1,A,0,0 to 1,Monocot,NA,10_50,24/09/2018,1,
Glenelg,Glenelg,Warrock,1,B,1,1 to 2,Dicot,NA,50_100,24/09/2018,1,
Glenelg,Glenelg,Warrock,1,B,1,1 to 2,Rumex spp.,native,10_50,24/09/2018,1,
Glenelg,Glenelg,Warrock,1,B,1,1 to 2,Monocot,NA,10_50,24/09/2018,1,
Glenelg,Glenelg,Warrock,2,W,-1, -1 to 0,Nil,NA,0,24/09/2018,1,
Glenelg,Glenelg,Warrock,2,A,0,0 to 1,Dicot,NA,10_50,24/09/2018,1,
Glenelg,Glenelg,Warrock,2,A,0,0 to 1,Crassula helmsii,native,3,24/09/2018,1,
Glenelg,Glenelg,Warrock,2,B,1,1 to 2,Dicot,NA,10_50,24/09/2018,1,
Glenelg,Glenelg,Warrock,2,B,1,1 to 2,Crassula helmsii,native,3,24/09/2018,1,
Glenelg,Glenelg,Warrock,2,W,-1, -1 to 0,Nil,NA,0,24/09/2018,1,
Glenelg,Glenelg,Warrock,2,A,0,0 to 1,Dicot,NA,10_50,24/09/2018,1,
Glenelg,Glenelg,Warrock,2,B,1,1 to 2,Dicot,NA,10_50,24/09/2018,1,
Glenelg,Glenelg,Warrock,2,C,2,2 to 3,Dicot,NA,10_50,24/09/2018,1,
Glenelg,Glenelg,Warrock,2,C,2,2 to 3,Lachnagrostis filiformis s.l.,native,10_50,24/09/2018,1,
Glenelg,Glenelg,Warrock,2,C,2,2 to 3,Phalaris aquatica,exotic,5,24/09/2018,1,
Glenelg,Glenelg,Five Mile,7,W,-1, -1 to 0,Nil,NA,0,24/09/2018,1,
Glenelg,Glenelg,Five Mile,7,A,0,0 to 1,Nil,NA,0,24/09/2018,1,
Glenelg,Glenelg,Five Mile,7,B,1,1 to 2,Dicot,NA,1,24/09/2018,1,
Glenelg,Glenelg,Five Mile,7,B,1,1 to 2,Cycnogeton procerum,NA,2,24/09/2018,1,
Glenelg,Glenelg,Five Mile,7,C,2,2 to 3,Cycnogeton procerum,NA,1,24/09/2018,1,
Glenelg,Glenelg,Five Mile,7,D,3,3 to 4,Nil,NA,0,24/09/2018,1,
Glenelg,Glenelg,Five Mile,7,E,4,4 to 5,Gladiolus spp.,exotic,5,24/09/2018,1,
Glenelg,Glenelg,Five Mile,7,F,5,5 to 6,Lolium rigidum,exotic,10_50,24/09/2018,1,
Glenelg,Glenelg,Five Mile,7,F,5,5 to 6,Gladiolus spp.,exotic,10_50,24/09/2018,1,
Glenelg,Glenelg,Five Mile,4,W,-1, -1 to 0,Isolepis cernua,NA,5,25/09/2018,1,
Glenelg,Glenelg,Five Mile,4,A,0,0 to 1,Isolepis cernua,NA,8,25/09/2018,1,
Glenelg,Glenelg,Five Mile,4,B,1,1 to 2,Monocot,NA,50_100,25/09/2018,1,
Glenelg,Glenelg,Five Mile,4,B,1,1 to 2,Lolium spp.,NA,10_50,25/09/2018,1,
Glenelg,Glenelg,Five Mile,4,C,2,2 to 3,Lolium spp.,NA,100+,25/09/2018,1,
Glenelg,Glenelg,Five Mile,4,C,2,2 to 3,Bromus spp.,unknown,6,25/09/2018,1,
Glenelg,Glenelg,Five Mile,4,C,2,2 to 3,Cotula australis,NA,10_50,25/09/2018,1,
Glenelg,Glenelg,Five Mile,4,C,2,2 to 3,Hypochaeris radicata,exotic,10_50,25/09/2018,1,
Glenelg,Glenelg,Weavers,6,W,-1, -1 to 0,Nil,NA,0,25/09/2018,1,
Glenelg,Glenelg,Weavers,6,A,0,0 to 1,Lolium spp.,NA,10_50,25/09/2018,1,
Glenelg,Glenelg,Weavers,6,A,0,0 to 1,Gladiolus spp.,exotic,10_50,25/09/2018,1,
Glenelg,Glenelg,Weavers,6,A,0,0 to 1,Bromus spp.,unknown,2,25/09/2018,1,
Glenelg,Glenelg,Weavers,6,B,1,1 to 2,Monocot,NA,10_50,25/09/2018,1,
Glenelg,Glenelg,Weavers,6,B,1,1 to 2,Lolium spp.,NA,10_50,25/09/2018,1,
Glenelg,Glenelg,Weavers,6,B,1,1 to 2,Freesia spp.,exotic,3,25/09/2018,1,
Glenelg,Glenelg,Weavers,6,C,2,2 to 3,Monocot,NA,10_50,25/09/2018,1,
Glenelg,Glenelg,Weavers,6,C,2,2 to 3,Crassula decumbens var. decumbens,native,10_50,25/09/2018,1,
Glenelg,Glenelg,Weavers,6,C,2,2 to 3,Sonchus oleraceus,exotic,1,25/09/2018,1,
Glenelg,Glenelg,Weavers,6,C,2,2 to 3,Freesia spp.,exotic,2,25/09/2018,1,
Glenelg,Glenelg,Weavers,6,D,3,3 to 4,Lolium spp.,NA,100+,25/09/2018,1,
Glenelg,Glenelg,Weavers,6,D,3,3 to 4,Freesia spp.,exotic,10_50,25/09/2018,1,
Glenelg,Glenelg,Weavers,6,D,3,3 to 4,Monocot,NA,10_50,25/09/2018,1,
Glenelg,Glenelg,Weavers,6,D,3,3 to 4,Crassula decumbens var. decumbens,native,10_50,25/09/2018,1,
Glenelg,Glenelg,Weavers,6,D,3,3 to 4,Rumex spp.,native,2,25/09/2018,1,
Glenelg,Glenelg,Weavers,6,D,3,3 to 4,Holcus spp.,NA,3,25/09/2018,1,
Glenelg,Glenelg,Weavers,3,W,-1, -1 to 0,Nil,NA,0,25/09/2018,1,
Glenelg,Glenelg,Weavers,3,A,0,0 to 1,Lolium spp.,NA,100+,25/09/2018,1,
Glenelg,Glenelg,Weavers,3,A,0,0 to 1,Hypochaeris radicata,exotic,1,25/09/2018,1,
Glenelg,Glenelg,Weavers,3,B,1,1 to 2,Lolium spp.,NA,100+,25/09/2018,1,
Glenelg,Glenelg,Weavers,3,B,1,1 to 2,Cycnogeton alcockiae,native,1,25/09/2018,1,
Glenelg,Glenelg,Weavers,3,B,1,1 to 2,Holcus spp.,NA,9,25/09/2018,1,
Glenelg,Glenelg,Weavers,3,C,2,2 to 3,Lolium spp.,NA,100+,25/09/2018,1,
Glenelg,Wannon,Wannon,3,W,-1, -1 to 0,Nil,NA,0,26/09/2018,1,
Glenelg,Wannon,Wannon,3,A,0,0 to 1,Nil,NA,0,26/09/2018,1,
Glenelg,Wannon,Wannon,3,B,1,1 to 2,Nil,NA,0,26/09/2018,1,
Glenelg,Glenelg,Dergholm,4,W,-1, -1 to 0,Nil,NA,0,26/09/2018,1,
Glenelg,Glenelg,Dergholm,4,A,0,0 to 1,Dicot,NA,6,26/09/2018,1,
Glenelg,Glenelg,Dergholm,4,B,1,1 to 2,Dicot,NA,10_50,26/09/2018,1,
Glenelg,Glenelg,Dergholm,4,B,1,1 to 2,Phalaris spp.,NA,8,26/09/2018,1,
Glenelg,Glenelg,Dergholm,4,B,1,1 to 2,Rumex spp.,native,10_50,26/09/2018,1,
Glenelg,Glenelg,Dergholm,4,C,2,2 to 3,Lolium spp.,NA,5,26/09/2018,1,
Glenelg,Glenelg,Dergholm,4,C,2,2 to 3,Bromus spp.,unknown,10_50,26/09/2018,1,
Glenelg,Glenelg,Dergholm,4,C,2,2 to 3,Dicot,NA,10_50,26/09/2018,1,
Glenelg,Glenelg,Dergholm,4,C,2,2 to 3,Phalaris spp.,NA,8,26/09/2018,1,
Glenelg,Glenelg,Dergholm,8,W,-1, -1 to 0,Nil,NA,0,26/09/2018,1,
Glenelg,Glenelg,Dergholm,8,A,0,0 to 1,Lachnagrostis filiformis s.l.,native,10_50,26/09/2018,1,
Glenelg,Glenelg,Dergholm,8,A,0,0 to 1,Dicot,NA,3,26/09/2018,1,
Glenelg,Glenelg,Dergholm,8,B,1,1 to 2,Lachnagrostis filiformis s.l.,native,10_50,26/09/2018,1,
Glenelg,Glenelg,Dergholm,8,B,1,1 to 2,Dicot,NA,10_50,26/09/2018,1,
Glenelg,Glenelg,Dergholm,8,C,2,2 to 3,Lachnagrostis filiformis s.l.,native,10_50,26/09/2018,1,
Glenelg,Glenelg,Dergholm,8,C,2,2 to 3,Lolium spp.,NA,10_50,26/09/2018,1,
Glenelg,Glenelg,Dergholm,8,C,2,2 to 3,Plantago lanceolata,exotic,10_50,26/09/2018,1,
Glenelg,Glenelg,Fulham,10,W,-1, -1 to 0,Nil,NA,0,27/09/2018,1,
Glenelg,Glenelg,Fulham,10,A,0,0 to 1,Monocot,NA,10_50,27/09/2018,1,
Glenelg,Glenelg,Fulham,10,B,1,1 to 2,Vulpia spp.,exotic,100+,27/09/2018,1,
Glenelg,Glenelg,Fulham,10,B,1,1 to 2,Lolium spp.,NA,10_50,27/09/2018,1,
Glenelg,Glenelg,Fulham,10,B,1,1 to 2,Monocot,NA,10_50,27/09/2018,1,
Glenelg,Glenelg,Fulham,10,B,1,1 to 2,Dicot,NA,10_50,27/09/2018,1,
Glenelg,Glenelg,Fulham,10,B,1,1 to 2,Hypochaeris radicata,exotic,2,27/09/2018,1,
Glenelg,Glenelg,Fulham,10,B,1,1 to 2,Holcus spp.,NA,3,27/09/2018,1,
Glenelg,Glenelg,Fulham,10,B,1,1 to 2,Bromus spp.,unknown,100+,27/09/2018,1,
Glenelg,Glenelg,Fulham,9,W,-1, -1 to 0,Nil,NA,0,27/09/2018,1,
Glenelg,Glenelg,Fulham,9,A,0,0 to 1,Monocot,NA,10_50,27/09/2018,1,
Glenelg,Glenelg,Fulham,9,B,1,1 to 2,Lolium spp.,NA,100+,27/09/2018,1,
Glenelg,Glenelg,Fulham,9,B,1,1 to 2,Bromus spp.,unknown,100+,27/09/2018,1,
Glenelg,Glenelg,Fulham,9,B,1,1 to 2,Holcus spp.,NA,3,27/09/2018,1,
Glenelg,Glenelg,Fulham,9,B,1,1 to 2,Vulpia spp.,exotic,100+,27/09/2018,1,
Glenelg,Glenelg,Warrock,8,W,-1, -1 to 0,Dicot,NA,1,24/09/2018,1,
Glenelg,Glenelg,Warrock,8,W,-1, -1 to 0,Rumex spp.,native,3,24/09/2018,1,
Glenelg,Glenelg,Warrock,8,W,-1, -1 to 0,Cycnogeton procerum,NA,2,24/09/2018,1,
Glenelg,Glenelg,Warrock,8,A,0,0 to 1,Rumex spp.,native,3,24/09/2018,1,
Glenelg,Glenelg,Warrock,8,A,0,0 to 1,Dicot,NA,5,24/09/2018,1,
Glenelg,Glenelg,Warrock,8,B,1,1 to 2,Dicot,NA,10_50,24/09/2018,1,
Glenelg,Glenelg,Warrock,8,B,1,1 to 2,Lachnagrostis filiformis s.l.,native,10_50,24/09/2018,1,
Glenelg,Glenelg,Warrock,8,B,1,1 to 2,Rumex spp.,native,4,24/09/2018,1,
Glenelg,Glenelg,Warrock,8,C,2,2 to 3,Dicot,NA,10_50,24/09/2018,1,
Glenelg,Glenelg,Warrock,8,C,2,2 to 3,Lachnagrostis filiformis s.l.,native,3,24/09/2018,1,
Glenelg,Glenelg,Warrock,7,W,-1, -1 to 0,Nil,NA,0,24/09/2018,1,
Glenelg,Glenelg,Warrock,7,A,0,0 to 1,Dicot,NA,10_50,24/09/2018,1,
Glenelg,Glenelg,Warrock,7,B,1,1 to 2,Dicot,NA,10_50,24/09/2018,1,
Glenelg,Glenelg,Warrock,7,B,1,1 to 2,Rumex spp.,native,2,24/09/2018,1,
Glenelg,Glenelg,Warrock,7,C,2,2 to 3,Dicot,NA,10_50,24/09/2018,1,
Glenelg,Glenelg,Warrock,7,C,2,2 to 3,Aster subulatus,exotic,50_100,24/09/2018,1,
Glenelg,Glenelg,Warrock,7,C,2,2 to 3,Rumex spp.,native,3,24/09/2018,1,
Glenelg,Glenelg,Warrock,7,D,3,3 to 4,Aster subulatus,exotic,10_50,24/09/2018,1,
Glenelg,Glenelg,Warrock,7,D,3,3 to 4,Dicot,NA,10_50,24/09/2018,1,
Glenelg,Glenelg,Warrock,7,D,3,3 to 4,Rumex spp.,native,10_50,24/09/2018,1,
Glenelg,Glenelg,Warrock,7,E,4,4 to 5,Rumex spp.,native,10_50,24/09/2018,1,
Glenelg,Glenelg,Warrock,7,E,4,4 to 5,Cerastium glomeratum s.l.,exotic,2,24/09/2018,1,
Glenelg,Glenelg,Warrock,7,E,4,4 to 5,Aster subulatus,exotic,10_50,24/09/2018,1,
Glenelg,Glenelg,Warrock,7,E,4,4 to 5,Crassula natans,NA,2,24/09/2018,1,
Glenelg,Glenelg,Warrock,7,E,4,4 to 5,Dicot,NA,10_50,24/09/2018,1,
Glenelg,Glenelg,Warrock,7,E,4,4 to 5,Lolium spp.,NA,1,24/09/2018,1,
Glenelg,Glenelg,Warrock,7,E,4,4 to 5,Poa annua,NA,3,24/09/2018,1,
Glenelg,Glenelg,Warrock,6,W,-1, -1 to 0,Nil,NA,0,24/09/2018,1,
Glenelg,Glenelg,Warrock,6,A,0,0 to 1,Dicot,NA,10_50,24/09/2018,1,
Glenelg,Glenelg,Warrock,6,B,1,1 to 2,Dicot,NA,10_50,24/09/2018,1,
Glenelg,Glenelg,Warrock,6,C,2,2 to 3,Nil,NA,0,24/09/2018,1,
Glenelg,Glenelg,Warrock,5,W,-1, -1 to 0,Dicot,NA,2,24/09/2018,1,
Glenelg,Glenelg,Warrock,5,A,0,0 to 1,Dicot,NA,10_50,24/09/2018,1,
Glenelg,Glenelg,Warrock,5,B,1,1 to 2,Dicot,NA,10_50,24/09/2018,1,
Glenelg,Glenelg,Warrock,5,B,1,1 to 2,Monocot,NA,1,24/09/2018,1,
Glenelg,Glenelg,Warrock,5,C,2,2 to 3,Monocot,NA,1,24/09/2018,1,
Glenelg,Glenelg,Warrock,5,C,2,2 to 3,Dicot,NA,10_50,24/09/2018,1,
Glenelg,Glenelg,Warrock,5,C,2,2 to 3,Rumex spp.,native,6,24/09/2018,1,
Glenelg,Glenelg,Warrock,5,C,2,2 to 3,Lolium spp.,NA,1,24/09/2018,1,
Glenelg,Glenelg,Warrock,5,D,3,3 to 4,Dicot,NA,10_50,24/09/2018,1,
Glenelg,Glenelg,Warrock,5,D,3,3 to 4,Lythrum hyssopifolia,native,2,24/09/2018,1,
Glenelg,Glenelg,Warrock,5,E,4,4 to 5,Aster subulatus,exotic,2,24/09/2018,1,
Glenelg,Glenelg,Warrock,5,E,4,4 to 5,Dicot,NA,10_50,24/09/2018,1,
Glenelg,Glenelg,Warrock,4,W,-1, -1 to 0,Nil,NA,0,24/09/2018,1,
Glenelg,Glenelg,Warrock,4,A,0,0 to 1,Dicot,NA,10_50,24/09/2018,1,
Glenelg,Glenelg,Warrock,4,B,1,1 to 2,Dicot,NA,10_50,24/09/2018,1,
Glenelg,Glenelg,Warrock,4,C,2,2 to 3,Dicot,NA,10_50,24/09/2018,1,
Glenelg,Glenelg,Warrock,4,C,2,2 to 3,Aster subulatus,exotic,3,24/09/2018,1,
Glenelg,Glenelg,Warrock,4,D,3,3 to 4,Dicot,NA,10_50,24/09/2018,1,
Glenelg,Glenelg,Warrock,4,D,3,3 to 4,Monocot,NA,2,24/09/2018,1,
Glenelg,Glenelg,Five Mile,10,W,-1, -1 to 0,Nil,NA,0,25/09/2018,1,
Glenelg,Glenelg,Five Mile,10,A,0,0 to 1,Monocot,NA,10_50,25/09/2018,1,
Glenelg,Glenelg,Five Mile,10,B,1,1 to 2,Monocot,NA,10_50,25/09/2018,1,
Glenelg,Glenelg,Five Mile,10,C,2,2 to 3,Monocot,NA,10_50,25/09/2018,1,
Glenelg,Glenelg,Five Mile,10,C,2,2 to 3,Lolium spp.,NA,50_100,25/09/2018,1,
Glenelg,Glenelg,Five Mile,9,W,-1, -1 to 0,Isolepis spp.,NA,1,25/09/2018,1,
Glenelg,Glenelg,Five Mile,9,W,-1, -1 to 0,Lolium spp.,NA,1,25/09/2018,1,
Glenelg,Glenelg,Five Mile,9,A,0,0 to 1,Lolium spp.,NA,10_50,25/09/2018,1,
Glenelg,Glenelg,Five Mile,9,A,0,0 to 1,Dicot,NA,1,25/09/2018,1,
Glenelg,Glenelg,Five Mile,9,B,1,1 to 2,Monocot,NA,10_50,25/09/2018,1,
Glenelg,Glenelg,Five Mile,9,B,1,1 to 2,Vulpia bromoides,exotic,10_50,25/09/2018,1,
Glenelg,Glenelg,Five Mile,9,C,2,2 to 3,Hypochaeris radicata,exotic,10_50,25/09/2018,1,
Glenelg,Glenelg,Five Mile,8,W,-1, -1 to 0,Nil,NA,0,25/09/2018,1,
Glenelg,Glenelg,Five Mile,8,A,0,0 to 1,Isolepis spp.,NA,4,25/09/2018,1,
Glenelg,Glenelg,Five Mile,8,B,1,1 to 2,Monocot,NA,10_50,25/09/2018,1,
Glenelg,Glenelg,Five Mile,8,C,2,2 to 3,Monocot,NA,10_50,25/09/2018,1,
Glenelg,Glenelg,Five Mile,8,D,3,3 to 4,Monocot,NA,10_50,25/09/2018,1,
Glenelg,Glenelg,Five Mile,8,E,4,4 to 5,Monocot,NA,10_50,25/09/2018,1,
Glenelg,Glenelg,Five Mile,8,F,5,5 to 6,Monocot,NA,10_50,25/09/2018,1,
Glenelg,Glenelg,Five Mile,8,G,6,6 to 7,Monocot,NA,10_50,25/09/2018,1,
Glenelg,Glenelg,Five Mile,8,G,6,6 to 7,Leontodon saxatilis,NA,2,25/09/2018,1,
Glenelg,Glenelg,Five Mile,6,W,-1, -1 to 0,Nil,NA,0,25/09/2018,1,
Glenelg,Glenelg,Five Mile,6,A,0,0 to 1,Nil,NA,0,25/09/2018,1,
Glenelg,Glenelg,Five Mile,6,B,1,1 to 2,Nil,NA,0,25/09/2018,1,
Glenelg,Glenelg,Five Mile,6,C,2,2 to 3,Nil,NA,0,25/09/2018,1,
Glenelg,Glenelg,Five Mile,6,D,3,3 to 4,Nil,NA,0,25/09/2018,1,
Glenelg,Glenelg,Five Mile,6,E,4,4 to 5,Monocot,NA,10_50,25/09/2018,1,
Glenelg,Glenelg,Five Mile,5,W,-1, -1 to 0,Nil,NA,0,25/09/2018,1,
Glenelg,Glenelg,Five Mile,5,A,0,0 to 1,Dicot,NA,5,25/09/2018,1,
Glenelg,Glenelg,Five Mile,5,B,1,1 to 2,Dicot,NA,1,25/09/2018,1,
Glenelg,Glenelg,Five Mile,5,C,2,2 to 3,Nil,NA,0,25/09/2018,1,
Glenelg,Glenelg,Five Mile,3,W,-1, -1 to 0,Nil,NA,0,25/09/2018,1,
Glenelg,Glenelg,Five Mile,3,A,0,0 to 1,Dicot,NA,1,25/09/2018,1,
Glenelg,Glenelg,Five Mile,3,A,0,0 to 1,Lythrum hyssopifolia,native,1,25/09/2018,1,
Glenelg,Glenelg,Five Mile,3,B,1,1 to 2,Leontodon saxatilis,NA,2,25/09/2018,1,
Glenelg,Glenelg,Five Mile,2,W,-1, -1 to 0,Nil,NA,0,25/09/2018,1,
Glenelg,Glenelg,Five Mile,2,A,0,0 to 1,Dicot,NA,2,25/09/2018,1,
Glenelg,Glenelg,Five Mile,2,B,1,1 to 2,Erigeron bonariensis,NA,1,25/09/2018,1,
Glenelg,Glenelg,Five Mile,1,W,-1, -1 to 0,Nil,NA,0,25/09/2018,1,
Glenelg,Glenelg,Five Mile,1,A,0,0 to 1,Plantago coronopus,exotic,10_50,25/09/2018,1,
Glenelg,Glenelg,Five Mile,1,B,1,1 to 2,Hypochaeris radicata,exotic,10_50,25/09/2018,1,
Glenelg,Glenelg,Five Mile,1,B,1,1 to 2,Juncus articulatus subsp. articulatus,NA,10_50,25/09/2018,1,
Glenelg,Glenelg,Five Mile,1,B,1,1 to 2,Moenchia erecta,NA,10_50,25/09/2018,1,
Glenelg,Glenelg,Weavers,10,W,-1, -1 to 0,Monocot,NA,1,25/09/2018,1,
Glenelg,Glenelg,Weavers,10,A,0,0 to 1,Monocot,NA,10_50,25/09/2018,1,
Glenelg,Glenelg,Weavers,10,B,1,1 to 2,Monocot,NA,10_50,25/09/2018,1,
Glenelg,Glenelg,Weavers,10,B,1,1 to 2,Trifolium dubium,exotic,1,25/09/2018,1,
Glenelg,Glenelg,Weavers,9,W,-1, -1 to 0,Isolepis spp.,NA,10_50,25/09/2018,1,
Glenelg,Glenelg,Weavers,9,A,0,0 to 1,Isolepis spp.,NA,10_50,25/09/2018,1,
Glenelg,Glenelg,Weavers,9,A,0,0 to 1,Lythrum hyssopifolia,native,2,25/09/2018,1,
Glenelg,Glenelg,Weavers,9,B,1,1 to 2,Isolepis spp.,NA,10_50,25/09/2018,1,
Glenelg,Glenelg,Weavers,9,B,1,1 to 2,Crassula decumbens var. decumbens,native,3,25/09/2018,1,
Glenelg,Glenelg,Weavers,8,W,-1, -1 to 0,Isolepis spp.,NA,7,25/09/2018,1,
Glenelg,Glenelg,Weavers,8,A,0,0 to 1,Isolepis spp.,NA,10_50,25/09/2018,1,
Glenelg,Glenelg,Weavers,8,B,1,1 to 2,Lolium spp.,NA,10_50,25/09/2018,1,
Glenelg,Glenelg,Weavers,8,B,1,1 to 2,Crassula decumbens var. decumbens,native,3,25/09/2018,1,
Glenelg,Glenelg,Weavers,8,C,2,2 to 3,Epilobium spp.,NA,1,25/09/2018,1,
Glenelg,Glenelg,Weavers,8,C,2,2 to 3,Crassula decumbens var. decumbens,native,5,25/09/2018,1,
Glenelg,Glenelg,Weavers,7,W,-1, -1 to 0,Isolepis spp.,NA,10_50,25/09/2018,1,
Glenelg,Glenelg,Weavers,7,W,-1, -1 to 0,Monocot,NA,2,25/09/2018,1,
Glenelg,Glenelg,Weavers,7,A,0,0 to 1,Crassula decumbens var. decumbens,native,10_50,25/09/2018,1,
Glenelg,Glenelg,Weavers,7,A,0,0 to 1,Monocot,NA,10_50,25/09/2018,1,
Glenelg,Glenelg,Weavers,7,A,0,0 to 1,Lythrum hyssopifolia,native,2,25/09/2018,1,
Glenelg,Glenelg,Weavers,7,B,1,1 to 2,Acetosella vulgaris,exotic,2,25/09/2018,1,
Glenelg,Glenelg,Weavers,7,B,1,1 to 2,Crassula decumbens var. decumbens,native,10_50,25/09/2018,1,
Glenelg,Glenelg,Weavers,7,B,1,1 to 2,Hypochaeris radicata,exotic,2,25/09/2018,1,
Glenelg,Glenelg,Weavers,7,B,1,1 to 2,Arctotheca calendula,exotic,1,25/09/2018,1,
Glenelg,Glenelg,Weavers,7,C,2,2 to 3,Eucalyptus camaldulensis subsp. camaldulensis,native,1,25/09/2018,1,
Glenelg,Glenelg,Weavers,7,C,2,2 to 3,Lysimachia arvensis,exotic,1,25/09/2018,1,
Glenelg,Glenelg,Weavers,7,C,2,2 to 3,Acetosella vulgaris,exotic,4,25/09/2018,1,
Glenelg,Glenelg,Weavers,1,W,-1, -1 to 0,Monocot,NA,10_50,25/09/2018,1,
Glenelg,Glenelg,Weavers,1,W,-1, -1 to 0,Hypochaeris radicata,exotic,1,25/09/2018,1,
Glenelg,Glenelg,Weavers,1,A,0,0 to 1,Hypochaeris radicata,exotic,1,25/09/2018,1,
Glenelg,Glenelg,Weavers,1,A,0,0 to 1,Monocot,NA,50_100,25/09/2018,1,
Glenelg,Glenelg,Weavers,1,B,1,1 to 2,Hypochaeris radicata,exotic,10_50,25/09/2018,1,
Glenelg,Glenelg,Weavers,1,B,1,1 to 2,Monocot,NA,10_50,25/09/2018,1,
Glenelg,Glenelg,Weavers,2,W,-1, -1 to 0,Monocot,NA,10_50,25/09/2018,1,
Glenelg,Glenelg,Weavers,2,A,0,0 to 1,Hypochaeris radicata,exotic,10_50,25/09/2018,1,
Glenelg,Glenelg,Weavers,2,A,0,0 to 1,Dicot,NA,3,25/09/2018,1,
Glenelg,Glenelg,Weavers,2,A,0,0 to 1,Monocot,NA,10_50,25/09/2018,1,
Glenelg,Glenelg,Weavers,2,B,1,1 to 2,Leontodon saxatilis,NA,6,25/09/2018,1,
Glenelg,Glenelg,Weavers,2,B,1,1 to 2,Plantago coronopus,exotic,8,25/09/2018,1,
Glenelg,Glenelg,Weavers,4,W,-1, -1 to 0,Dicot,NA,4,25/09/2018,1,
Glenelg,Glenelg,Weavers,4,W,-1, -1 to 0,Crassula helmsii,native,2,25/09/2018,1,
Glenelg,Glenelg,Weavers,4,A,0,0 to 1,Monocot,NA,10_50,25/09/2018,1,
Glenelg,Glenelg,Weavers,4,B,1,1 to 2,Monocot,NA,10_50,25/09/2018,1,
Glenelg,Glenelg,Weavers,4,C,2,2 to 3,Nil,NA,0,25/09/2018,1,
Glenelg,Glenelg,Weavers,5,W,-1, -1 to 0,Isolepis spp.,NA,2,25/09/2018,1,
Glenelg,Glenelg,Weavers,5,A,0,0 to 1,Isolepis spp.,NA,2,25/09/2018,1,
Glenelg,Glenelg,Weavers,5,A,0,0 to 1,Dicot,NA,2,25/09/2018,1,
Glenelg,Glenelg,Weavers,5,A,0,0 to 1,Hypochaeris radicata,exotic,2,25/09/2018,1,
Glenelg,Glenelg,Weavers,5,B,1,1 to 2,Isolepis spp.,NA,3,25/09/2018,1,
Glenelg,Glenelg,Weavers,5,B,1,1 to 2,Hypochaeris radicata,exotic,5,25/09/2018,1,
Glenelg,Glenelg,Weavers,5,B,1,1 to 2,Lythrum hyssopifolia,native,8,25/09/2018,1,
Glenelg,Wannon,Wannon,5,W,-1, -1 to 0,Nil,NA,0,26/09/2018,1,
Glenelg,Wannon,Wannon,5,A,0,0 to 1,Nil,NA,0,26/09/2018,1,
Glenelg,Wannon,Wannon,5,B,1,1 to 2,Dicot,NA,5,26/09/2018,1,
Glenelg,Wannon,Wannon,4,W,-1, -1 to 0,Nil,NA,0,26/09/2018,1,
Glenelg,Wannon,Wannon,4,A,0,0 to 1,Nil,NA,0,26/09/2018,1,
Glenelg,Wannon,Wannon,4,B,1,1 to 2,Dicot,NA,2,26/09/2018,1,
Glenelg,Wannon,Wannon,2,W,-1, -1 to 0,Nil,NA,0,26/09/2018,1,
Glenelg,Wannon,Wannon,2,A,0,0 to 1,Dicot,NA,5,26/09/2018,1,
Glenelg,Wannon,Wannon,2,B,1,1 to 2,Dicot,NA,2,26/09/2018,1,
Glenelg,Wannon,Wannon,2,B,1,1 to 2,Hypochaeris radicata,exotic,1,26/09/2018,1,
Glenelg,Wannon,Wannon,2,C,2,2 to 3,Dicot,NA,2,26/09/2018,1,
Glenelg,Wannon,Wannon,2,D,3,3 to 4,Dicot,NA,6,26/09/2018,1,
Glenelg,Wannon,Wannon,2,E,4,4 to 5,Nil,NA,0,26/09/2018,1,
Glenelg,Wannon,Wannon,1,W,-1, -1 to 0,Nil,NA,0,26/09/2018,1,
Glenelg,Wannon,Wannon,1,A,0,0 to 1,Dicot,NA,10_50,26/09/2018,1,
Glenelg,Wannon,Wannon,1,B,1,1 to 2,Dicot,NA,2,26/09/2018,1,
Glenelg,Glenelg,Dergholm,1,W,-1, -1 to 0,Dicot,NA,1,26/09/2018,1,
Glenelg,Glenelg,Dergholm,1,W,-1, -1 to 0,Dicot,NA,1,26/09/2018,1,
Glenelg,Glenelg,Dergholm,1,A,0,0 to 1,Dicot,NA,10_50,26/09/2018,1,
Glenelg,Glenelg,Dergholm,1,B,1,1 to 2,Dicot,NA,10_50,26/09/2018,1,
Glenelg,Glenelg,Dergholm,1,B,1,1 to 2,Rumex spp.,native,1,26/09/2018,1,
Glenelg,Glenelg,Dergholm,1,C,2,2 to 3,Dicot,NA,10_50,26/09/2018,1,
Glenelg,Glenelg,Dergholm,1,D,3,3 to 4,Dicot,NA,10_50,26/09/2018,1,
Glenelg,Glenelg,Dergholm,2,W,-1, -1 to 0,Dicot,NA,10_50,26/09/2018,1,
Glenelg,Glenelg,Dergholm,2,A,0,0 to 1,Dicot,NA,10_50,26/09/2018,1,
Glenelg,Glenelg,Dergholm,2,B,1,1 to 2,Rumex spp.,native,2,26/09/2018,1,
Glenelg,Glenelg,Dergholm,2,B,1,1 to 2,Atriplex prostrata,NA,10_50,26/09/2018,1,
Glenelg,Glenelg,Dergholm,2,C,2,2 to 3,Atriplex prostrata,NA,5,26/09/2018,1,
Glenelg,Glenelg,Dergholm,3,W,-1, -1 to 0,Atriplex prostrata,NA,3,26/09/2018,1,
Glenelg,Glenelg,Dergholm,3,A,0,0 to 1,Atriplex prostrata,NA,10_50,26/09/2018,1,
Glenelg,Glenelg,Dergholm,3,B,1,1 to 2,Atriplex prostrata,NA,10_50,26/09/2018,1,
Glenelg,Glenelg,Dergholm,3,B,1,1 to 2,Rumex crispus,exotic,2,26/09/2018,1,
Glenelg,Glenelg,Dergholm,5,W,-1, -1 to 0,Nil,NA,0,26/09/2018,1,
Glenelg,Glenelg,Dergholm,5,A,0,0 to 1,Nil,NA,0,26/09/2018,1,
Glenelg,Glenelg,Dergholm,5,B,1,1 to 2,Dicot,NA,10_50,26/09/2018,1,
Glenelg,Glenelg,Dergholm,5,C,2,2 to 3,Atriplex prostrata,NA,3,26/09/2018,1,
Glenelg,Glenelg,Dergholm,5,C,2,2 to 3,Dicot,NA,1,26/09/2018,1,
Glenelg,Glenelg,Dergholm,6,W,-1, -1 to 0,Nil,NA,0,26/09/2018,1,
Glenelg,Glenelg,Dergholm,6,A,0,0 to 1,Atriplex prostrata,NA,5,26/09/2018,1,
Glenelg,Glenelg,Dergholm,6,B,1,1 to 2,Atriplex prostrata,NA,3,26/09/2018,1,
Glenelg,Glenelg,Dergholm,6,B,1,1 to 2,Rumex spp.,native,2,26/09/2018,1,
Glenelg,Glenelg,Dergholm,6,C,2,2 to 3,Isolepis spp.,NA,10_50,26/09/2018,1,
Glenelg,Glenelg,Dergholm,6,C,2,2 to 3,Rumex spp.,native,10_50,26/09/2018,1,
Glenelg,Glenelg,Dergholm,6,C,2,2 to 3,Dicot,NA,1,26/09/2018,1,
Glenelg,Glenelg,Dergholm,6,C,2,2 to 3,Atriplex prostrata,NA,1,26/09/2018,1,
Glenelg,Glenelg,Dergholm,7,W,-1, -1 to 0,Nil,NA,0,26/09/2018,1,
Glenelg,Glenelg,Dergholm,7,A,0,0 to 1,Nil,NA,0,26/09/2018,1,
Glenelg,Glenelg,Dergholm,7,B,1,1 to 2,Dicot,NA,1,26/09/2018,1,
Glenelg,Glenelg,Dergholm,7,C,2,2 to 3,Hypochaeris radicata,exotic,4,26/09/2018,1,
Glenelg,Glenelg,Dergholm,7,C,2,2 to 3,Acetosella vulgaris,exotic,3,26/09/2018,1,
Glenelg,Glenelg,Fulham,1,W,-1, -1 to 0,Nil,NA,0,27/09/2018,1,
Glenelg,Glenelg,Fulham,1,A,0,0 to 1,Nil,NA,0,27/09/2018,1,
Glenelg,Glenelg,Fulham,1,B,1,1 to 2,Nil,NA,0,27/09/2018,1,
Glenelg,Glenelg,Fulham,2,W,-1, -1 to 0,Nil,NA,0,27/09/2018,1,
Glenelg,Glenelg,Fulham,2,A,0,0 to 1,Nil,NA,0,27/09/2018,1,
Glenelg,Glenelg,Fulham,2,B,1,1 to 2,Nil,NA,0,27/09/2018,1,
Glenelg,Glenelg,Fulham,2,C,2,2 to 3,Epilobium spp.,NA,1,27/09/2018,1,
Glenelg,Glenelg,Fulham,2,C,2,2 to 3,Hypochaeris glabra,NA,2,27/09/2018,1,
Glenelg,Glenelg,Fulham,2,D,3,3 to 4,Hypochaeris glabra,NA,10_50,27/09/2018,1,
Glenelg,Glenelg,Fulham,3,W,-1, -1 to 0,Nil,NA,0,27/09/2018,1,
Glenelg,Glenelg,Fulham,3,A,0,0 to 1,Nil,NA,0,27/09/2018,1,
Glenelg,Glenelg,Fulham,3,B,1,1 to 2,Nil,NA,0,27/09/2018,1,
Glenelg,Glenelg,Fulham,4,W,-1, -1 to 0,Isolepis spp.,NA,9,27/09/2018,1,
Glenelg,Glenelg,Fulham,4,A,0,0 to 1,Nil,NA,0,27/09/2018,1,
Glenelg,Glenelg,Fulham,4,B,1,1 to 2,Nil,NA,0,27/09/2018,1,
Glenelg,Glenelg,Fulham,4,C,2,2 to 3,Nil,NA,0,27/09/2018,1,
Glenelg,Glenelg,Fulham,5,W,-1, -1 to 0,Nil,NA,0,27/09/2018,1,
Glenelg,Glenelg,Fulham,5,A,0,0 to 1,Nil,NA,0,27/09/2018,1,
Glenelg,Glenelg,Fulham,5,B,1,1 to 2,Hypochaeris radicata,exotic,1,27/09/2018,1,
Glenelg,Glenelg,Fulham,6,W,-1, -1 to 0,Nil,NA,0,27/09/2018,1,
Glenelg,Glenelg,Fulham,6,A,0,0 to 1,Nil,NA,0,27/09/2018,1,
Glenelg,Glenelg,Fulham,6,B,1,1 to 2,Nil,NA,0,27/09/2018,1,
Glenelg,Glenelg,Fulham,6,C,2,2 to 3,Crassula decumbens var. decumbens,native,3,27/09/2018,1,
Glenelg,Glenelg,Fulham,7,W,-1, -1 to 0,Nil,NA,0,27/09/2018,1,
Glenelg,Glenelg,Fulham,7,A,0,0 to 1,Nil,NA,0,27/09/2018,1,
Glenelg,Glenelg,Fulham,7,B,1,1 to 2,Nil,NA,0,27/09/2018,1,
Glenelg,Glenelg,Fulham,7,C,2,2 to 3,Crassula decumbens var. decumbens,native,10_50,27/09/2018,1,
Glenelg,Glenelg,Fulham,8,W,-1, -1 to 0,Nil,NA,0,27/09/2018,1,
Glenelg,Glenelg,Fulham,8,A,0,0 to 1,Isolepis spp.,NA,4,27/09/2018,1,
Glenelg,Glenelg,Fulham,8,B,1,1 to 2,Hypochaeris glabra,NA,1,27/09/2018,1,
Glenelg,Glenelg,Fulham,8,B,1,1 to 2,Moenchia erecta,NA,1,27/09/2018,1,
Glenelg,Wannon,Wannon,5,W,-1, -1 to 0,Nil,NA,0,15/04/2019,3,
Glenelg,Wannon,Wannon,5,A,0,0 to 1,Nil,NA,0,15/04/2019,3,
Glenelg,Wannon,Wannon,5,B,1,1 to 2,Nil,NA,0,15/04/2019,3,
Glenelg,Wannon,Wannon,4,W,-1, -1 to 0,Nil,NA,0,15/04/2019,3,
Glenelg,Wannon,Wannon,4,A,0,0 to 1,Nil,NA,0,15/04/2019,3,
Glenelg,Wannon,Wannon,4,B,1,1 to 2,Nil,NA,0,15/04/2019,3,
Glenelg,Wannon,Wannon,3,W,-1, -1 to 0,Nil,NA,0,15/04/2019,3,
Glenelg,Wannon,Wannon,3,A,0,0 to 1,Nil,NA,0,15/04/2019,3,
Glenelg,Wannon,Wannon,3,B,1,1 to 2,Nil,NA,0,15/04/2019,3,
Glenelg,Wannon,Wannon,2,W,-1, -1 to 0,Dicot,NA,1,15/04/2019,3,
Glenelg,Wannon,Wannon,2,A,0,0 to 1,Nil,NA,0,15/04/2019,3,
Glenelg,Wannon,Wannon,2,B,1,1 to 2,Nil,NA,0,15/04/2019,3,
Glenelg,Wannon,Wannon,2,C,2,2 to 3,Nil,NA,0,15/04/2019,3,
Glenelg,Wannon,Wannon,2,D,3,3 to 4,Nil,NA,0,15/04/2019,3,
Glenelg,Wannon,Wannon,2,E,4,4 to 5,Nil,NA,0,15/04/2019,3,
Glenelg,Wannon,Wannon,1,W,-1, -1 to 0,Nil,NA,0,15/04/2019,3,
Glenelg,Wannon,Wannon,1,A,0,0 to 1,Nil,NA,0,15/04/2019,3,
Glenelg,Wannon,Wannon,1,B,1,1 to 2,Nil,NA,0,15/04/2019,3,
Glenelg,Glenelg,Warrock,8,W,-1, -1 to 0,Symphyotrichum subulatum,NA,1,15/04/2019,3,
Glenelg,Glenelg,Warrock,8,A,0,0 to 1,Sonchus oleraceus,exotic,2,15/04/2019,3,
Glenelg,Glenelg,Warrock,8,A,0,0 to 1,Alternanthera denticulata,native,2,15/04/2019,3,
Glenelg,Glenelg,Warrock,8,B,1,1 to 2,Monocot grass,exotic,10_50,15/04/2019,3,was Exo
Glenelg,Glenelg,Warrock,8,B,1,1 to 2,Monocot,NA,10_50,15/04/2019,3,
Glenelg,Glenelg,Warrock,8,B,1,1 to 2,Sonchus oleraceus,exotic,3,15/04/2019,3,
Glenelg,Glenelg,Warrock,8,C,2,2 to 3,Dicot,NA,10_50,15/04/2019,3,
Glenelg,Glenelg,Warrock,8,C,2,2 to 3,Monocot,NA,10_50,15/04/2019,3,
Glenelg,Glenelg,Warrock,7,W,-1, -1 to 0,Nil,NA,0,15/04/2019,3,
Glenelg,Glenelg,Warrock,7,A,0,0 to 1,Nil,NA,0,15/04/2019,3,
Glenelg,Glenelg,Warrock,7,B,1,1 to 2,Sonchus oleraceus,exotic,1,15/04/2019,3,
Glenelg,Glenelg,Warrock,7,C,2,2 to 3,Rumex crispus,exotic,3,15/04/2019,3,
Glenelg,Glenelg,Warrock,7,C,2,2 to 3,Dicot,NA,10_50,15/04/2019,3,
Glenelg,Glenelg,Warrock,7,C,2,2 to 3,Monocot,NA,10_50,15/04/2019,3,
Glenelg,Glenelg,Warrock,7,D,3,3 to 4,Lolium spp.,NA,5,15/04/2019,3,
Glenelg,Glenelg,Warrock,7,D,3,3 to 4,Monocot,NA,10_50,15/04/2019,3,
Glenelg,Glenelg,Warrock,7,D,3,3 to 4,Dicot,NA,10_50,15/04/2019,3,
Glenelg,Glenelg,Warrock,7,E,4,4 to 5,Monocot,NA,100+,15/04/2019,3,
Glenelg,Glenelg,Warrock,7,E,4,4 to 5,Sonchus oleraceus,exotic,2,15/04/2019,3,
Glenelg,Glenelg,Warrock,7,E,4,4 to 5,Rumex crispus,exotic,2,15/04/2019,3,
Glenelg,Glenelg,Warrock,6,W,-1, -1 to 0,Nil,NA,0,15/04/2019,3,
Glenelg,Glenelg,Warrock,6,A,0,0 to 1,Dicot,NA,10_50,15/04/2019,3,
Glenelg,Glenelg,Warrock,6,B,1,1 to 2,Dicot,NA,10_50,15/04/2019,3,
Glenelg,Glenelg,Warrock,6,B,1,1 to 2,Lolium spp.,NA,1,15/04/2019,3,
Glenelg,Glenelg,Warrock,5,W,-1, -1 to 0,Dicot,NA,2,15/04/2019,3,
Glenelg,Glenelg,Warrock,5,A,0,0 to 1,Dicot,NA,4,15/04/2019,3,
Glenelg,Glenelg,Warrock,5,B,1,1 to 2,Sonchus oleraceus,exotic,10_50,15/04/2019,3,
Glenelg,Glenelg,Warrock,5,B,1,1 to 2,Dicot,NA,10_50,15/04/2019,3,
Glenelg,Glenelg,Warrock,5,B,1,1 to 2,Monocot,NA,10_50,15/04/2019,3,
Glenelg,Glenelg,Warrock,5,C,2,2 to 3,Monocot,NA,10_50,15/04/2019,3,
Glenelg,Glenelg,Warrock,5,C,2,2 to 3,Dicot,NA,10_50,15/04/2019,3,
Glenelg,Glenelg,Warrock,5,D,3,3 to 4,Monocot,NA,2,15/04/2019,3,
Glenelg,Glenelg,Warrock,5,D,3,3 to 4,Dicot,NA,3,15/04/2019,3,
Glenelg,Glenelg,Warrock,5,E,4,4 to 5,Lolium spp.,NA,10_50,15/04/2019,3,
Glenelg,Glenelg,Warrock,5,E,4,4 to 5,Dicot,NA,10_50,15/04/2019,3,
Glenelg,Glenelg,Warrock,4,W,-1, -1 to 0,Nil,NA,0,15/04/2019,3,
Glenelg,Glenelg,Warrock,4,A,0,0 to 1,Dicot,NA,7,15/04/2019,3,
Glenelg,Glenelg,Warrock,4,A,0,0 to 1,Monocot,NA,10_50,15/04/2019,3,
Glenelg,Glenelg,Warrock,4,B,1,1 to 2,Dicot,NA,6,15/04/2019,3,
Glenelg,Glenelg,Warrock,4,B,1,1 to 2,Monocot,NA,2,15/04/2019,3,
Glenelg,Glenelg,Warrock,4,C,2,2 to 3,Monocot,NA,10_50,15/04/2019,3,
Glenelg,Glenelg,Warrock,4,D,3,3 to 4,Monocot,NA,10_50,15/04/2019,3,
Glenelg,Glenelg,Warrock,4,D,3,3 to 4,Dicot,NA,10_50,15/04/2019,3,
Glenelg,Glenelg,Warrock,4,D,3,3 to 4,Sonchus asper s.l.,exotic,1,15/04/2019,3,
Glenelg,Glenelg,Warrock,4,D,3,3 to 4,Rumex crispus,exotic,1,15/04/2019,3,
Glenelg,Glenelg,Warrock,3,W,-1, -1 to 0,Dicot,NA,2,15/04/2019,3,
Glenelg,Glenelg,Warrock,3,W,-1, -1 to 0,Monocot,NA,4,15/04/2019,3,
Glenelg,Glenelg,Warrock,3,A,0,0 to 1,Dicot,NA,4,15/04/2019,3,
Glenelg,Glenelg,Warrock,3,A,0,0 to 1,Monocot,NA,2,15/04/2019,3,
Glenelg,Glenelg,Warrock,3,B,1,1 to 2,Dicot,NA,2,15/04/2019,3,
Glenelg,Glenelg,Warrock,3,C,2,2 to 3,Dicot,NA,1,15/04/2019,3,
Glenelg,Glenelg,Warrock,2,W,-1, -1 to 0,Nil,NA,0,15/04/2019,3,
Glenelg,Glenelg,Warrock,2,A,0,0 to 1,Alternanthera denticulata,native,10_50,15/04/2019,3,
Glenelg,Glenelg,Warrock,2,B,1,1 to 2,Alternanthera denticulata,native,10_50,15/04/2019,3,
Glenelg,Glenelg,Warrock,2,B,1,1 to 2,Sonchus oleraceus,exotic,3,15/04/2019,3,
Glenelg,Glenelg,Warrock,2,B,1,1 to 2,Dicot,NA,4,15/04/2019,3,
Glenelg,Glenelg,Warrock,2,B,1,1 to 2,Rumex crispus,exotic,2,15/04/2019,3,
Glenelg,Glenelg,Warrock,1,W,-1, -1 to 0,Nil,NA,0,15/04/2019,3,
Glenelg,Glenelg,Warrock,1,A,0,0 to 1,Dicot,NA,10_50,15/04/2019,3,
Glenelg,Glenelg,Warrock,1,B,1,1 to 2,Dicot,NA,10_50,15/04/2019,3,
Glenelg,Glenelg,Warrock,1,B,1,1 to 2,Monocot,NA,2,15/04/2019,3,
Glenelg,Glenelg,Dergholm,1,W,-1, -1 to 0,Nil,NA,0,16/04/2019,3,
Glenelg,Glenelg,Dergholm,1,A,0,0 to 1,Nil,NA,0,16/04/2019,3,
Glenelg,Glenelg,Dergholm,1,B,1,1 to 2,Nil,NA,0,16/04/2019,3,
Glenelg,Glenelg,Dergholm,1,C,2,2 to 3,Nil,NA,0,16/04/2019,3,
Glenelg,Glenelg,Dergholm,1,D,3,3 to 4,Nil,NA,0,16/04/2019,3,
Glenelg,Glenelg,Dergholm,2,W,-1, -1 to 0,Nil,NA,0,16/04/2019,3,
Glenelg,Glenelg,Dergholm,2,A,0,0 to 1,Nil,NA,0,16/04/2019,3,
Glenelg,Glenelg,Dergholm,2,B,1,1 to 2,Nil,NA,0,16/04/2019,3,
Glenelg,Glenelg,Dergholm,2,C,2,2 to 3,Nil,NA,0,16/04/2019,3,
Glenelg,Glenelg,Dergholm,3,W,-1, -1 to 0,Nil,NA,0,16/04/2019,3,
Glenelg,Glenelg,Dergholm,3,A,0,0 to 1,Nil,NA,0,16/04/2019,3,
Glenelg,Glenelg,Dergholm,3,B,1,1 to 2,Nil,NA,0,16/04/2019,3,
Glenelg,Glenelg,Dergholm,4,W,-1, -1 to 0,Nil,NA,0,16/04/2019,3,
Glenelg,Glenelg,Dergholm,4,A,0,0 to 1,Monocot,NA,2,16/04/2019,3,
Glenelg,Glenelg,Dergholm,4,B,1,1 to 2,Monocot,NA,10_50,16/04/2019,3,
Glenelg,Glenelg,Dergholm,4,C,2,2 to 3,Monocot,NA,10_50,16/04/2019,3,
Glenelg,Glenelg,Dergholm,4,D,3,3 to 4,Dicot,NA,10_50,16/04/2019,3,
Glenelg,Glenelg,Dergholm,4,D,3,3 to 4,Sonchus oleraceus,exotic,1,16/04/2019,3,
Glenelg,Glenelg,Dergholm,5,W,-1, -1 to 0,Nil,NA,0,16/04/2019,3,
Glenelg,Glenelg,Dergholm,5,A,0,0 to 1,Nil,NA,0,16/04/2019,3,
Glenelg,Glenelg,Dergholm,5,B,1,1 to 2,Nil,NA,0,16/04/2019,3,
Glenelg,Glenelg,Dergholm,5,C,2,2 to 3,Nil,NA,0,16/04/2019,3,
Glenelg,Glenelg,Dergholm,6,W,-1, -1 to 0,Nil,NA,0,16/04/2019,3,
Glenelg,Glenelg,Dergholm,6,A,0,0 to 1,Nil,NA,0,16/04/2019,3,
Glenelg,Glenelg,Dergholm,6,B,1,1 to 2,Nil,NA,0,16/04/2019,3,
Glenelg,Glenelg,Dergholm,6,C,2,2 to 3,Monocot,NA,10_50,16/04/2019,3,
Glenelg,Glenelg,Dergholm,7,W,-1, -1 to 0,Nil,NA,0,16/04/2019,3,
Glenelg,Glenelg,Dergholm,7,A,0,0 to 1,Nil,NA,0,16/04/2019,3,
Glenelg,Glenelg,Dergholm,7,B,1,1 to 2,Dicot,NA,2,16/04/2019,3,
Glenelg,Glenelg,Dergholm,7,C,2,2 to 3,Monocot,NA,10_50,16/04/2019,3,
Glenelg,Glenelg,Dergholm,7,C,2,2 to 3,Dicot,NA,4,16/04/2019,3,
Glenelg,Glenelg,Dergholm,8,W,-1, -1 to 0,Nil,NA,0,16/04/2019,3,
Glenelg,Glenelg,Dergholm,8,A,0,0 to 1,Nil,NA,0,16/04/2019,3,
Glenelg,Glenelg,Dergholm,8,B,1,1 to 2,Nil,NA,0,16/04/2019,3,
Glenelg,Glenelg,Dergholm,8,C,2,2 to 3,Nil,NA,0,16/04/2019,3,
Glenelg,Glenelg,Dergholm,8,C,2,2 to 3,Monocot,NA,3,16/04/2019,3,
Glenelg,Glenelg,Fulham,1,W,-1, -1 to 0,Nil,NA,0,16/04/2019,3,
Glenelg,Glenelg,Fulham,1,A,0,0 to 1,Monocot,NA,4,16/04/2019,3,
Glenelg,Glenelg,Fulham,1,A,0,0 to 1,Dicot,NA,1,16/04/2019,3,
Glenelg,Glenelg,Fulham,1,B,1,1 to 2,Dicot,NA,2,16/04/2019,3,
Glenelg,Glenelg,Fulham,2,W,-1, -1 to 0,Nil,NA,0,16/04/2019,3,
Glenelg,Glenelg,Fulham,2,A,0,0 to 1,Nil,NA,0,16/04/2019,3,
Glenelg,Glenelg,Fulham,2,B,1,1 to 2,Nil,NA,0,16/04/2019,3,
Glenelg,Glenelg,Fulham,2,C,2,2 to 3,Nil,NA,0,16/04/2019,3,
Glenelg,Glenelg,Fulham,2,D,3,3 to 4,Nil,NA,0,16/04/2019,3,
Glenelg,Glenelg,Fulham,3,W,-1, -1 to 0,Nil,NA,0,16/04/2019,3,
Glenelg,Glenelg,Fulham,3,A,0,0 to 1,Nil,NA,0,16/04/2019,3,
Glenelg,Glenelg,Fulham,3,B,1,1 to 2,Nil,NA,0,16/04/2019,3,
Glenelg,Glenelg,Fulham,4,W,-1, -1 to 0,Nil,NA,0,16/04/2019,3,
Glenelg,Glenelg,Fulham,4,A,0,0 to 1,Monocot,NA,2,16/04/2019,3,
Glenelg,Glenelg,Fulham,4,B,1,1 to 2,Monocot,NA,3,16/04/2019,3,
Glenelg,Glenelg,Fulham,4,C,2,2 to 3,Nil,NA,0,16/04/2019,3,
Glenelg,Glenelg,Fulham,5,W,-1, -1 to 0,Nil,NA,0,16/04/2019,3,
Glenelg,Glenelg,Fulham,5,A,0,0 to 1,Nil,NA,0,16/04/2019,3,
Glenelg,Glenelg,Fulham,5,B,1,1 to 2,Nil,NA,0,16/04/2019,3,
Glenelg,Glenelg,Fulham,6,W,-1, -1 to 0,Nil,NA,0,16/04/2019,3,
Glenelg,Glenelg,Fulham,6,A,0,0 to 1,Nil,NA,0,16/04/2019,3,
Glenelg,Glenelg,Fulham,6,B,1,1 to 2,Monocot,NA,4,16/04/2019,3,
Glenelg,Glenelg,Fulham,6,B,1,1 to 2,Dicot,NA,5,16/04/2019,3,
Glenelg,Glenelg,Fulham,6,C,2,2 to 3,Nil,NA,0,16/04/2019,3,
Glenelg,Glenelg,Fulham,7,W,-1, -1 to 0,Nil,NA,0,16/04/2019,3,
Glenelg,Glenelg,Fulham,7,A,0,0 to 1,Nil,NA,0,16/04/2019,3,
Glenelg,Glenelg,Fulham,7,B,1,1 to 2,Nil,NA,0,16/04/2019,3,
Glenelg,Glenelg,Fulham,7,C,2,2 to 3,Nil,NA,0,16/04/2019,3,
Glenelg,Glenelg,Fulham,8,W,-1, -1 to 0,Nil,NA,0,16/04/2019,3,
Glenelg,Glenelg,Fulham,8,A,0,0 to 1,Nil,NA,0,16/04/2019,3,
Glenelg,Glenelg,Fulham,8,B,1,1 to 2,Nil,NA,0,16/04/2019,3,
Glenelg,Glenelg,Fulham,9,W,-1, -1 to 0,Nil,NA,0,16/04/2019,3,
Glenelg,Glenelg,Fulham,9,A,0,0 to 1,Cotula coronopifolia,exotic,10_50,16/04/2019,3,
Glenelg,Glenelg,Fulham,9,B,1,1 to 2,Cotula coronopifolia,exotic,4,16/04/2019,3,
Glenelg,Glenelg,Fulham,9,B,1,1 to 2,Dicot,NA,5,16/04/2019,3,
Glenelg,Glenelg,Fulham,10,W,-1, -1 to 0,Nil,NA,0,16/04/2019,3,
Glenelg,Glenelg,Fulham,10,A,0,0 to 1,Monocot,NA,8,16/04/2019,3,
Glenelg,Glenelg,Fulham,10,B,1,1 to 2,Monocot,NA,2,16/04/2019,3,
Glenelg,Glenelg,Weavers,10,W,-1, -1 to 0,Nil,NA,0,16/04/2019,3,
Glenelg,Glenelg,Weavers,10,A,0,0 to 1,Nil,NA,0,16/04/2019,3,
Glenelg,Glenelg,Weavers,10,B,1,1 to 2,Nil,NA,0,16/04/2019,3,
Glenelg,Glenelg,Weavers,10,C,2,2 to 3,Nil,NA,0,16/04/2019,3,
Glenelg,Glenelg,Weavers,9,W,-1, -1 to 0,Nil,NA,0,16/04/2019,3,
Glenelg,Glenelg,Weavers,9,A,0,0 to 1,Nil,NA,0,16/04/2019,3,
Glenelg,Glenelg,Weavers,9,B,1,1 to 2,Nil,NA,0,16/04/2019,3,
Glenelg,Glenelg,Weavers,8,W,-1, -1 to 0,Typha spp.,NA,2,16/04/2019,3,
Glenelg,Glenelg,Weavers,8,A,0,0 to 1,Nil,NA,0,16/04/2019,3,
Glenelg,Glenelg,Weavers,8,B,1,1 to 2,Nil,NA,0,16/04/2019,3,
Glenelg,Glenelg,Weavers,8,C,2,2 to 3,Nil,NA,0,16/04/2019,3,
Glenelg,Glenelg,Weavers,7,W,-1, -1 to 0,Nil,NA,0,16/04/2019,3,
Glenelg,Glenelg,Weavers,7,A,0,0 to 1,Nil,NA,0,16/04/2019,3,
Glenelg,Glenelg,Weavers,7,B,1,1 to 2,Nil,NA,0,16/04/2019,3,
Glenelg,Glenelg,Weavers,7,C,2,2 to 3,Nil,NA,0,16/04/2019,3,
Glenelg,Glenelg,Weavers,6,W,-1, -1 to 0,Nil,NA,0,16/04/2019,3,
Glenelg,Glenelg,Weavers,6,A,0,0 to 1,Nil,NA,0,16/04/2019,3,
Glenelg,Glenelg,Weavers,6,B,1,1 to 2,Nil,NA,0,16/04/2019,3,
Glenelg,Glenelg,Weavers,6,C,2,2 to 3,Nil,NA,0,16/04/2019,3,
Glenelg,Glenelg,Weavers,6,D,3,3 to 4,Nil,NA,0,16/04/2019,3,
Glenelg,Glenelg,Weavers,5,W,-1, -1 to 0,Nil,NA,0,16/04/2019,3,
Glenelg,Glenelg,Weavers,5,A,0,0 to 1,Nil,NA,0,16/04/2019,3,
Glenelg,Glenelg,Weavers,5,B,1,1 to 2,Nil,NA,0,16/04/2019,3,
Glenelg,Glenelg,Weavers,4,W,-1, -1 to 0,Isolepis spp.,NA,4,16/04/2019,3,
Glenelg,Glenelg,Weavers,4,A,0,0 to 1,Nil,NA,0,16/04/2019,3,
Glenelg,Glenelg,Weavers,4,B,1,1 to 2,Nil,NA,0,16/04/2019,3,
Glenelg,Glenelg,Weavers,4,C,2,2 to 3,Nil,NA,0,16/04/2019,3,
Glenelg,Glenelg,Weavers,3,W,-1, -1 to 0,Nil,NA,0,16/04/2019,3,
Glenelg,Glenelg,Weavers,3,A,0,0 to 1,Nil,NA,0,16/04/2019,3,
Glenelg,Glenelg,Weavers,3,B,1,1 to 2,Nil,NA,0,16/04/2019,3,
Glenelg,Glenelg,Weavers,3,C,2,2 to 3,Nil,NA,0,16/04/2019,3,
Glenelg,Glenelg,Weavers,2,W,-1, -1 to 0,Monocot,NA,4,16/04/2019,3,
Glenelg,Glenelg,Weavers,2,W,-1, -1 to 0,Dicot,NA,2,16/04/2019,3,
Glenelg,Glenelg,Weavers,2,A,0,0 to 1,Nil,NA,0,16/04/2019,3,
Glenelg,Glenelg,Weavers,2,B,1,1 to 2,Nil,NA,0,16/04/2019,3,
Glenelg,Glenelg,Weavers,1,W,-1, -1 to 0,Isolepis spp.,NA,1,16/04/2019,3,
Glenelg,Glenelg,Weavers,1,A,0,0 to 1,Nil,NA,0,16/04/2019,3,
Glenelg,Glenelg,Weavers,1,B,1,1 to 2,Nil,NA,0,16/04/2019,3,
Glenelg,Glenelg,Five Mile,1,W,-1, -1 to 0,Monocot,NA,10_50,17/04/2019,3,
Glenelg,Glenelg,Five Mile,1,W,-1, -1 to 0,Dicot,NA,3,17/04/2019,3,
Glenelg,Glenelg,Five Mile,1,A,0,0 to 1,Monocot,NA,10_50,17/04/2019,3,
Glenelg,Glenelg,Five Mile,1,A,0,0 to 1,Dicot,NA,10_50,17/04/2019,3,
Glenelg,Glenelg,Five Mile,1,B,1,1 to 2,Nil,NA,0,17/04/2019,3,
Glenelg,Glenelg,Five Mile,1,C,2,2 to 3,Nil,NA,0,17/04/2019,3,Point transects only go to 2m - check book
Glenelg,Glenelg,Five Mile,2,W,-1, -1 to 0,Nil,NA,0,17/04/2019,3,
Glenelg,Glenelg,Five Mile,2,A,0,0 to 1,Nil,NA,0,17/04/2019,3,
Glenelg,Glenelg,Five Mile,2,B,1,1 to 2,Nil,NA,0,17/04/2019,3,
Glenelg,Glenelg,Five Mile,3,W,-1, -1 to 0,Dicot,NA,2,17/04/2019,3,
Glenelg,Glenelg,Five Mile,3,A,0,0 to 1,Monocot,NA,5,17/04/2019,3,
Glenelg,Glenelg,Five Mile,3,A,0,0 to 1,Dicot,NA,1,17/04/2019,3,
Glenelg,Glenelg,Five Mile,3,B,1,1 to 2,Nil,NA,0,17/04/2019,3,
Glenelg,Glenelg,Five Mile,3,C,2,2 to 3,Nil,NA,0,17/04/2019,3,Point transects only go to 2m - check book
Glenelg,Glenelg,Five Mile,4,W,-1, -1 to 0,Nil,NA,0,17/04/2019,3,
Glenelg,Glenelg,Five Mile,4,A,0,0 to 1,Monocot,NA,10_50,17/04/2019,3,
Glenelg,Glenelg,Five Mile,4,A,0,0 to 1,Dicot,NA,7,17/04/2019,3,
Glenelg,Glenelg,Five Mile,4,B,1,1 to 2,Monocot,NA,10_50,17/04/2019,3,
Glenelg,Glenelg,Five Mile,4,B,1,1 to 2,Dicot,NA,2,17/04/2019,3,
Glenelg,Glenelg,Five Mile,4,C,2,2 to 3,Nil,NA,0,17/04/2019,3,
Glenelg,Glenelg,Five Mile,5,W,-1, -1 to 0,Monocot,NA,3,17/04/2019,3,
Glenelg,Glenelg,Five Mile,5,W,-1, -1 to 0,Dicot,NA,1,17/04/2019,3,
Glenelg,Glenelg,Five Mile,5,A,0,0 to 1,Nil,NA,0,17/04/2019,3,
Glenelg,Glenelg,Five Mile,5,B,1,1 to 2,Dicot,NA,6,17/04/2019,3,
Glenelg,Glenelg,Five Mile,5,B,1,1 to 2,Monocot,NA,1,17/04/2019,3,
Glenelg,Glenelg,Five Mile,5,C,2,2 to 3,Monocot,NA,3,17/04/2019,3,
Glenelg,Glenelg,Five Mile,5,C,2,2 to 3,Dicot,NA,6,17/04/2019,3,
Glenelg,Glenelg,Five Mile,5,D,3,3 to 4,Nil,NA,0,17/04/2019,3,
Glenelg,Glenelg,Five Mile,6,W,-1, -1 to 0,Dicot,NA,3,17/04/2019,3,
Glenelg,Glenelg,Five Mile,6,W,-1, -1 to 0,Monocot,NA,1,17/04/2019,3,
Glenelg,Glenelg,Five Mile,6,A,0,0 to 1,Dicot,NA,4,17/04/2019,3,
Glenelg,Glenelg,Five Mile,6,A,0,0 to 1,Monocot,NA,1,17/04/2019,3,
Glenelg,Glenelg,Five Mile,6,B,1,1 to 2,Nil,NA,0,17/04/2019,3,
Glenelg,Glenelg,Five Mile,6,C,2,2 to 3,Nil,NA,0,17/04/2019,3,
Glenelg,Glenelg,Five Mile,6,D,3,3 to 4,Dicot,NA,2,17/04/2019,3,
Glenelg,Glenelg,Five Mile,6,E,4,4 to 5,Dicot,NA,1,17/04/2019,3,
Glenelg,Glenelg,Five Mile,6,F,5,5 to 6,Dicot,NA,10_50,17/04/2019,3,Point transects only go to 5m - check book
Glenelg,Glenelg,Five Mile,7,W,-1, -1 to 0,Monocot,NA,4,17/04/2019,3,
Glenelg,Glenelg,Five Mile,7,W,-1, -1 to 0,Dicot,NA,1,17/04/2019,3,
Glenelg,Glenelg,Five Mile,7,A,0,0 to 1,Dicot,NA,9,17/04/2019,3,
Glenelg,Glenelg,Five Mile,7,B,1,1 to 2,Dicot,NA,2,17/04/2019,3,
Glenelg,Glenelg,Five Mile,7,C,2,2 to 3,Cotula coronopifolia,exotic,10_50,17/04/2019,3,
Glenelg,Glenelg,Five Mile,7,D,3,3 to 4,Cotula coronopifolia,exotic,10_50,17/04/2019,3,
Glenelg,Glenelg,Five Mile,7,E,4,4 to 5,Dicot,NA,2,17/04/2019,3,
Glenelg,Glenelg,Five Mile,7,F,5,5 to 6,Nil,NA,0,17/04/2019,3,
Glenelg,Glenelg,Five Mile,8,W,-1, -1 to 0,Dicot,NA,1,17/04/2019,3,
Glenelg,Glenelg,Five Mile,8,A,0,0 to 1,Monocot,NA,1,17/04/2019,3,
Glenelg,Glenelg,Five Mile,8,B,1,1 to 2,Cotula coronopifolia,exotic,5,17/04/2019,3,
Glenelg,Glenelg,Five Mile,8,B,1,1 to 2,Monocot,NA,2,17/04/2019,3,
Glenelg,Glenelg,Five Mile,8,C,2,2 to 3,Cotula coronopifolia,exotic,9,17/04/2019,3,
Glenelg,Glenelg,Five Mile,8,C,2,2 to 3,Monocot,NA,1,17/04/2019,3,
Glenelg,Glenelg,Five Mile,8,D,3,3 to 4,Cotula coronopifolia,exotic,8,17/04/2019,3,
Glenelg,Glenelg,Five Mile,8,E,4,4 to 5,Cotula coronopifolia,exotic,10_50,17/04/2019,3,
Glenelg,Glenelg,Five Mile,8,F,5,5 to 6,Cotula coronopifolia,exotic,8,17/04/2019,3,
Glenelg,Glenelg,Five Mile,8,F,5,5 to 6,Dicot,NA,1,17/04/2019,3,
Glenelg,Glenelg,Five Mile,8,G,6,6 to 7,Dicot,NA,4,17/04/2019,3,
Glenelg,Glenelg,Five Mile,9,W,-1, -1 to 0,Monocot,NA,1,17/04/2019,3,
Glenelg,Glenelg,Five Mile,9,A,0,0 to 1,Monocot,NA,10_50,17/04/2019,3,
Glenelg,Glenelg,Five Mile,9,A,0,0 to 1,Dicot,NA,10_50,17/04/2019,3,
Glenelg,Glenelg,Five Mile,9,B,1,1 to 2,Nil,NA,0,17/04/2019,3,
Glenelg,Glenelg,Five Mile,9,C,2,2 to 3,Nil,NA,0,17/04/2019,3,
Glenelg,Glenelg,Five Mile,10,W,-1, -1 to 0,Nil,NA,0,17/04/2019,3,
Glenelg,Glenelg,Five Mile,10,A,0,0 to 1,Nil,NA,0,17/04/2019,3,
Glenelg,Glenelg,Five Mile,10,B,1,1 to 2,Nil,NA,0,17/04/2019,3,
Glenelg,Glenelg,Five Mile,10,W,-1, -1 to 0,Nil,NA,0,7/01/2019,2,
Glenelg,Glenelg,Five Mile,10,A,0,0 to 1,Nil,NA,0,7/01/2019,2,
Glenelg,Glenelg,Five Mile,10,B,1,1 to 2,Nil,NA,0,7/01/2019,2,
Glenelg,Glenelg,Five Mile,9,W,-1, -1 to 0,Cycnogeton procerum,NA,6,7/01/2019,2,
Glenelg,Glenelg,Five Mile,9,A,0,0 to 1,Nil,NA,0,7/01/2019,2,
Glenelg,Glenelg,Five Mile,9,B,1,1 to 2,Nil,NA,0,7/01/2019,2,
Glenelg,Glenelg,Five Mile,9,C,2,2 to 3,Nil,NA,0,7/01/2019,2,
Glenelg,Glenelg,Five Mile,8,W,-1, -1 to 0,Dicot,NA,1,7/01/2019,2,
Glenelg,Glenelg,Five Mile,8,A,0,0 to 1,Cycnogeton procerum,NA,10_50,7/01/2019,2,
Glenelg,Glenelg,Five Mile,8,B,1,1 to 2,Cycnogeton procerum,NA,10_50,7/01/2019,2,
Glenelg,Glenelg,Five Mile,8,C,2,2 to 3,Dicot,NA,1,7/01/2019,2,
Glenelg,Glenelg,Five Mile,8,D,3,3 to 4,Nil,NA,0,7/01/2019,2,
Glenelg,Glenelg,Five Mile,8,E,4,4 to 5,Hypochaeris radicata,exotic,2,7/01/2019,2,
Glenelg,Glenelg,Five Mile,8,E,4,4 to 5,Dicot,NA,1,7/01/2019,2,
Glenelg,Glenelg,Five Mile,8,F,5,5 to 6,Hypochaeris radicata,exotic,2,7/01/2019,2,
Glenelg,Glenelg,Five Mile,8,G,6,6 to 7,Nil,NA,0,7/01/2019,2,
Glenelg,Glenelg,Five Mile,7,W,-1, -1 to 0,Nil,NA,0,7/01/2019,2,
Glenelg,Glenelg,Five Mile,7,A,0,0 to 1,Nil,NA,0,7/01/2019,2,
Glenelg,Glenelg,Five Mile,7,B,1,1 to 2,Nil,NA,0,7/01/2019,2,
Glenelg,Glenelg,Five Mile,7,C,2,2 to 3,Nil,NA,0,7/01/2019,2,
Glenelg,Glenelg,Five Mile,7,D,3,3 to 4,Nil,NA,0,7/01/2019,2,
Glenelg,Glenelg,Five Mile,7,E,4,4 to 5,Nil,NA,0,7/01/2019,2,
Glenelg,Glenelg,Five Mile,7,F,5,5 to 6,Nil,NA,0,7/01/2019,2,
Glenelg,Glenelg,Five Mile,6,W,-1, -1 to 0,Nil,NA,0,7/01/2019,2,
Glenelg,Glenelg,Five Mile,6,A,0,0 to 1,Nil,NA,0,7/01/2019,2,
Glenelg,Glenelg,Five Mile,6,B,1,1 to 2,Nil,NA,0,7/01/2019,2,
Glenelg,Glenelg,Five Mile,6,C,2,2 to 3,Nil,NA,0,7/01/2019,2,
Glenelg,Glenelg,Five Mile,6,D,3,3 to 4,Nil,NA,0,7/01/2019,2,
Glenelg,Glenelg,Five Mile,6,E,4,4 to 5,Nil,NA,0,7/01/2019,2,
Glenelg,Glenelg,Five Mile,5,W,-1, -1 to 0,Nil,NA,0,7/01/2019,2,
Glenelg,Glenelg,Five Mile,5,A,0,0 to 1,Nil,NA,0,7/01/2019,2,
Glenelg,Glenelg,Five Mile,5,B,1,1 to 2,Nil,NA,0,7/01/2019,2,
Glenelg,Glenelg,Five Mile,5,C,2,2 to 3,Nil,NA,0,7/01/2019,2,
Glenelg,Glenelg,Five Mile,4,W,-1, -1 to 0,Nil,NA,0,7/01/2019,2,
Glenelg,Glenelg,Five Mile,4,A,0,0 to 1,Nil,NA,0,7/01/2019,2,
Glenelg,Glenelg,Five Mile,4,B,1,1 to 2,Nil,NA,0,7/01/2019,2,
Glenelg,Glenelg,Five Mile,4,C,2,2 to 3,Nil,NA,0,7/01/2019,2,
Glenelg,Glenelg,Five Mile,3,W,-1, -1 to 0,Nil,NA,0,7/01/2019,2,
Glenelg,Glenelg,Five Mile,3,A,0,0 to 1,Plantago coronopus,exotic,3,7/01/2019,2,
Glenelg,Glenelg,Five Mile,3,B,1,1 to 2,Nil,NA,0,7/01/2019,2,
Glenelg,Glenelg,Five Mile,2,W,-1, -1 to 0,Nil,NA,0,7/01/2019,2,
Glenelg,Glenelg,Five Mile,2,A,0,0 to 1,Nil,NA,0,7/01/2019,2,
Glenelg,Glenelg,Five Mile,2,B,1,1 to 2,Nil,NA,0,7/01/2019,2,
Glenelg,Glenelg,Five Mile,1,W,-1, -1 to 0,Nil,NA,0,7/01/2019,2,
Glenelg,Glenelg,Five Mile,1,A,0,0 to 1,Nil,NA,0,7/01/2019,2,
Glenelg,Glenelg,Five Mile,1,B,1,1 to 2,Nil,NA,0,7/01/2019,2,
Glenelg,Glenelg,Weavers,1,W,-1, -1 to 0,Nil,NA,0,8/01/2019,2,
Glenelg,Glenelg,Weavers,1,A,0,0 to 1,Nil,NA,0,8/01/2019,2,
Glenelg,Glenelg,Weavers,1,B,1,1 to 2,Nil,NA,0,8/01/2019,2,
Glenelg,Glenelg,Weavers,2,W,-1, -1 to 0,Lachnagrostis filiformis s.l.,native,8,8/01/2019,2,
Glenelg,Glenelg,Weavers,2,A,0,0 to 1,Lythrum hyssopifolia,native,7,8/01/2019,2,
Glenelg,Glenelg,Weavers,2,A,0,0 to 1,Dicot,NA,2,8/01/2019,2,
Glenelg,Glenelg,Weavers,2,B,1,1 to 2,Hypochaeris radicata,exotic,3,8/01/2019,2,
Glenelg,Glenelg,Weavers,2,B,1,1 to 2,Dicot,NA,2,8/01/2019,2,
Glenelg,Glenelg,Weavers,3,W,-1, -1 to 0,Atriplex prostrata,NA,2,8/01/2019,2,
Glenelg,Glenelg,Weavers,3,W,-1, -1 to 0,Cotula coronopifolia,exotic,2,8/01/2019,2,
Glenelg,Glenelg,Weavers,3,A,0,0 to 1,Nil,NA,0,8/01/2019,2,
Glenelg,Glenelg,Weavers,3,B,1,1 to 2,Nil,NA,0,8/01/2019,2,
Glenelg,Glenelg,Weavers,3,C,2,2 to 3,Nil,NA,0,8/01/2019,2,
Glenelg,Glenelg,Weavers,4,W,-1, -1 to 0,Nil,NA,0,8/01/2019,2,
Glenelg,Glenelg,Weavers,4,A,0,0 to 1,Nil,NA,0,8/01/2019,2,
Glenelg,Glenelg,Weavers,4,B,1,1 to 2,Nil,NA,0,8/01/2019,2,
Glenelg,Glenelg,Weavers,4,C,2,2 to 3,Nil,NA,0,8/01/2019,2,
Glenelg,Glenelg,Weavers,5,W,-1, -1 to 0,Nil,NA,0,8/01/2019,2,
Glenelg,Glenelg,Weavers,5,A,0,0 to 1,Nil,NA,0,8/01/2019,2,
Glenelg,Glenelg,Weavers,5,B,1,1 to 2,Nil,NA,0,8/01/2019,2,
Glenelg,Glenelg,Weavers,6,W,-1, -1 to 0,Nil,NA,0,8/01/2019,2,
Glenelg,Glenelg,Weavers,6,A,0,0 to 1,Nil,NA,0,8/01/2019,2,
Glenelg,Glenelg,Weavers,6,B,1,1 to 2,Nil,NA,0,8/01/2019,2,
Glenelg,Glenelg,Weavers,6,C,2,2 to 3,Nil,NA,0,8/01/2019,2,
Glenelg,Glenelg,Weavers,6,D,3,3 to 4,Nil,NA,0,8/01/2019,2,
Glenelg,Glenelg,Weavers,7,W,-1, -1 to 0,Nil,NA,0,8/01/2019,2,
Glenelg,Glenelg,Weavers,7,A,0,0 to 1,Nil,NA,0,8/01/2019,2,
Glenelg,Glenelg,Weavers,7,B,1,1 to 2,Nil,NA,0,8/01/2019,2,
Glenelg,Glenelg,Weavers,7,C,2,2 to 3,Nil,NA,0,8/01/2019,2,
Glenelg,Glenelg,Weavers,8,W,-1, -1 to 0,Nil,NA,0,8/01/2019,2,
Glenelg,Glenelg,Weavers,8,A,0,0 to 1,Nil,NA,0,8/01/2019,2,
Glenelg,Glenelg,Weavers,8,B,1,1 to 2,Nil,NA,0,8/01/2019,2,
Glenelg,Glenelg,Weavers,8,C,2,2 to 3,Nil,NA,0,8/01/2019,2,
Glenelg,Glenelg,Weavers,9,W,-1, -1 to 0,Nil,NA,0,8/01/2019,2,
Glenelg,Glenelg,Weavers,9,A,0,0 to 1,Nil,NA,0,8/01/2019,2,
Glenelg,Glenelg,Weavers,9,B,1,1 to 2,Nil,NA,0,8/01/2019,2,
Glenelg,Glenelg,Weavers,10,W,-1, -1 to 0,Nil,NA,0,8/01/2019,2,
Glenelg,Glenelg,Weavers,10,A,0,0 to 1,Nil,NA,0,8/01/2019,2,
Glenelg,Glenelg,Weavers,10,B,1,1 to 2,Nil,NA,0,8/01/2019,2,
Glenelg,Glenelg,Fulham,1,W,-1, -1 to 0,Nil,NA,0,8/01/2019,2,
Glenelg,Glenelg,Fulham,1,A,0,0 to 1,Nil,NA,0,8/01/2019,2,
Glenelg,Glenelg,Fulham,1,B,1,1 to 2,Nil,NA,0,8/01/2019,2,
Glenelg,Glenelg,Fulham,2,W,-1, -1 to 0,Nil,NA,0,8/01/2019,2,
Glenelg,Glenelg,Fulham,2,A,0,0 to 1,Nil,NA,0,8/01/2019,2,
Glenelg,Glenelg,Fulham,2,B,1,1 to 2,Nil,NA,0,8/01/2019,2,
Glenelg,Glenelg,Fulham,2,C,2,2 to 3,Nil,NA,0,8/01/2019,2,
Glenelg,Glenelg,Fulham,2,D,3,3 to 4,Nil,NA,0,8/01/2019,2,
Glenelg,Glenelg,Fulham,3,W,-1, -1 to 0,Cycnogeton procerum,NA,10_50,8/01/2019,2,
Glenelg,Glenelg,Fulham,3,A,0,0 to 1,Nil,NA,0,8/01/2019,2,
Glenelg,Glenelg,Fulham,3,B,1,1 to 2,Nil,NA,0,8/01/2019,2,
Glenelg,Glenelg,Fulham,4,W,-1, -1 to 0,Nil,NA,0,8/01/2019,2,
Glenelg,Glenelg,Fulham,4,A,0,0 to 1,Nil,NA,0,8/01/2019,2,
Glenelg,Glenelg,Fulham,4,B,1,1 to 2,Nil,NA,0,8/01/2019,2,
Glenelg,Glenelg,Fulham,4,C,2,2 to 3,Nil,NA,0,8/01/2019,2,
Glenelg,Glenelg,Fulham,5,W,-1, -1 to 0,Nil,NA,0,8/01/2019,2,
Glenelg,Glenelg,Fulham,5,A,0,0 to 1,Nil,NA,0,8/01/2019,2,
Glenelg,Glenelg,Fulham,5,B,1,1 to 2,Nil,NA,0,8/01/2019,2,
Glenelg,Glenelg,Fulham,6,W,-1, -1 to 0,Cycnogeton procerum,NA,50_100,8/01/2019,2,
Glenelg,Glenelg,Fulham,6,A,0,0 to 1,Cycnogeton procerum,NA,50_100,8/01/2019,2,
Glenelg,Glenelg,Fulham,6,B,1,1 to 2,Nil,NA,0,8/01/2019,2,
Glenelg,Glenelg,Fulham,6,C,2,2 to 3,Nil,NA,0,8/01/2019,2,
Glenelg,Glenelg,Fulham,7,W,-1, -1 to 0,Cycnogeton procerum,NA,3,8/01/2019,2,
Glenelg,Glenelg,Fulham,7,A,0,0 to 1,Cycnogeton procerum,NA,10_50,8/01/2019,2,
Glenelg,Glenelg,Fulham,7,B,1,1 to 2,Nil,NA,0,8/01/2019,2,
Glenelg,Glenelg,Fulham,7,C,2,2 to 3,Nil,NA,0,8/01/2019,2,
Glenelg,Glenelg,Fulham,8,W,-1, -1 to 0,Nil,NA,0,8/01/2019,2,
Glenelg,Glenelg,Fulham,8,A,0,0 to 1,Nil,NA,0,8/01/2019,2,
Glenelg,Glenelg,Fulham,8,B,1,1 to 2,Nil,NA,0,8/01/2019,2,
Glenelg,Glenelg,Fulham,9,W,-1, -1 to 0,Cycnogeton procerum,NA,10_50,8/01/2019,2,
Glenelg,Glenelg,Fulham,9,A,0,0 to 1,Cycnogeton procerum,NA,3,8/01/2019,2,
Glenelg,Glenelg,Fulham,9,B,1,1 to 2,Nil,NA,0,8/01/2019,2,
Glenelg,Glenelg,Fulham,10,W,-1, -1 to 0,Cycnogeton procerum,NA,3,8/01/2019,2,
Glenelg,Glenelg,Fulham,10,A,0,0 to 1,Nil,NA,0,8/01/2019,2,
Glenelg,Glenelg,Fulham,10,B,1,1 to 2,Nil,NA,0,8/01/2019,2,
Glenelg,Glenelg,Dergholm,1,W,-1, -1 to 0,Nil,NA,0,9/01/2019,2,
Glenelg,Glenelg,Dergholm,1,A,0,0 to 1,Nil,NA,0,9/01/2019,2,
Glenelg,Glenelg,Dergholm,1,B,1,1 to 2,Nil,NA,0,9/01/2019,2,
Glenelg,Glenelg,Dergholm,1,C,2,2 to 3,Nil,NA,0,9/01/2019,2,
Glenelg,Glenelg,Dergholm,1,D,3,3 to 4,Nil,NA,0,9/01/2019,2,
Glenelg,Glenelg,Dergholm,2,W,-1, -1 to 0,Nil,NA,0,9/01/2019,2,
Glenelg,Glenelg,Dergholm,2,A,0,0 to 1,Nil,NA,0,9/01/2019,2,
Glenelg,Glenelg,Dergholm,2,B,1,1 to 2,Nil,NA,0,9/01/2019,2,
Glenelg,Glenelg,Dergholm,2,C,2,2 to 3,Nil,NA,0,9/01/2019,2,
Glenelg,Glenelg,Dergholm,3,W,-1, -1 to 0,Nil,NA,0,9/01/2019,2,
Glenelg,Glenelg,Dergholm,3,A,0,0 to 1,Nil,NA,0,9/01/2019,2,
Glenelg,Glenelg,Dergholm,3,B,1,1 to 2,Nil,NA,0,9/01/2019,2,
Glenelg,Glenelg,Dergholm,4,W,-1, -1 to 0,Nil,NA,0,9/01/2019,2,
Glenelg,Glenelg,Dergholm,4,A,0,0 to 1,Nil,NA,0,9/01/2019,2,
Glenelg,Glenelg,Dergholm,4,B,1,1 to 2,Nil,NA,0,9/01/2019,2,
Glenelg,Glenelg,Dergholm,4,C,2,2 to 3,Nil,NA,0,9/01/2019,2,
Glenelg,Glenelg,Dergholm,5,W,-1, -1 to 0,Nil,NA,0,9/01/2019,2,
Glenelg,Glenelg,Dergholm,5,A,0,0 to 1,Nil,NA,0,9/01/2019,2,
Glenelg,Glenelg,Dergholm,5,B,1,1 to 2,Nil,NA,0,9/01/2019,2,
Glenelg,Glenelg,Dergholm,6,W,-1, -1 to 0,Dicot,NA,5,9/01/2019,2,
Glenelg,Glenelg,Dergholm,6,A,0,0 to 1,Nil,NA,0,9/01/2019,2,
Glenelg,Glenelg,Dergholm,6,B,1,1 to 2,Nil,NA,0,9/01/2019,2,
Glenelg,Glenelg,Dergholm,6,C,2,2 to 3,Nil,NA,0,9/01/2019,2,
Glenelg,Glenelg,Dergholm,7,W,-1, -1 to 0,Nil,NA,0,9/01/2019,2,
Glenelg,Glenelg,Dergholm,7,A,0,0 to 1,Nil,NA,0,9/01/2019,2,
Glenelg,Glenelg,Dergholm,7,B,1,1 to 2,Nil,NA,0,9/01/2019,2,
Glenelg,Glenelg,Dergholm,7,C,2,2 to 3,Nil,NA,0,9/01/2019,2,
Glenelg,Glenelg,Warrock,8,W,-1, -1 to 0,Nil,NA,0,9/01/2019,2,
Glenelg,Glenelg,Warrock,8,A,0,0 to 1,Nil,NA,0,9/01/2019,2,
Glenelg,Glenelg,Warrock,8,B,1,1 to 2,Nil,NA,0,9/01/2019,2,
Glenelg,Glenelg,Warrock,8,C,2,2 to 3,Nil,NA,0,9/01/2019,2,
Glenelg,Glenelg,Warrock,7,W,-1, -1 to 0,Nil,NA,0,9/01/2019,2,
Glenelg,Glenelg,Warrock,7,A,0,0 to 1,Nil,NA,0,9/01/2019,2,
Glenelg,Glenelg,Warrock,7,B,1,1 to 2,Nil,NA,0,9/01/2019,2,
Glenelg,Glenelg,Warrock,7,C,2,2 to 3,Nil,NA,0,9/01/2019,2,
Glenelg,Glenelg,Warrock,7,D,3,3 to 4,Nil,NA,0,9/01/2019,2,
Glenelg,Glenelg,Warrock,7,E,4,4 to 5,Nil,NA,0,9/01/2019,2,
Glenelg,Glenelg,Warrock,6,W,-1, -1 to 0,Nil,NA,0,9/01/2019,2,
Glenelg,Glenelg,Warrock,6,A,0,0 to 1,Nil,NA,0,9/01/2019,2,
Glenelg,Glenelg,Warrock,6,B,1,1 to 2,Nil,NA,0,9/01/2019,2,
Glenelg,Glenelg,Warrock,5,W,-1, -1 to 0,Nil,NA,0,9/01/2019,2,
Glenelg,Glenelg,Warrock,5,A,0,0 to 1,Nil,NA,0,9/01/2019,2,
Glenelg,Glenelg,Warrock,5,B,1,1 to 2,Nil,NA,0,9/01/2019,2,
Glenelg,Glenelg,Warrock,5,C,2,2 to 3,Nil,NA,0,9/01/2019,2,
Glenelg,Glenelg,Warrock,5,D,3,3 to 4,Nil,NA,0,9/01/2019,2,
Glenelg,Glenelg,Warrock,5,E,4,4 to 5,Nil,NA,0,9/01/2019,2,
Glenelg,Glenelg,Warrock,4,W,-1, -1 to 0,Alternanthera denticulata,,4,9/01/2019,2,
Glenelg,Glenelg,Warrock,4,W,-1, -1 to 0,Sonchus asper s.l.,,1,9/01/2019,2,
Glenelg,Glenelg,Warrock,4,A,0,0 to 1,Nil,,0,9/01/2019,2,
Glenelg,Glenelg,Warrock,4,B,1,1 to 2,Nil,,0,9/01/2019,2,
Glenelg,Glenelg,Warrock,4,C,2,2 to 3,Nil,,0,9/01/2019,2,
Glenelg,Glenelg,Warrock,4,D,3,3 to 4,Nil,,0,9/01/2019,2,
Glenelg,Glenelg,Warrock,3,W,-1, -1 to 0,Nil,,0,9/01/2019,2,
Glenelg,Glenelg,Warrock,3,A,0,0 to 1,Nil,,0,9/01/2019,2,
Glenelg,Glenelg,Warrock,3,B,1,1 to 2,Nil,,0,9/01/2019,2,
Glenelg,Glenelg,Warrock,3,C,2,2 to 3,Nil,,0,9/01/2019,2,
Glenelg,Glenelg,Warrock,2,W,-1, -1 to 0,Nil,,0,9/01/2019,2,
Glenelg,Glenelg,Warrock,2,A,0,0 to 1,Nil,,0,9/01/2019,2,
Glenelg,Glenelg,Warrock,2,B,1,1 to 2,Nil,,0,9/01/2019,2,
Glenelg,Glenelg,Warrock,1,W,-1, -1 to 0,Nil,,0,9/01/2019,2,
Glenelg,Glenelg,Warrock,1,A,0,0 to 1,Nil,,0,9/01/2019,2,
Glenelg,Glenelg,Warrock,1,B,1,1 to 2,Nil,,0,9/01/2019,2,
Glenelg,Wannon,Wannon,5,W,-1, -1 to 0,Nil,,0,10/01/2019,2,
Glenelg,Wannon,Wannon,5,A,0,0 to 1,Nil,,0,10/01/2019,2,
Glenelg,Wannon,Wannon,5,B,1,1 to 2,Nil,,0,10/01/2019,2,
Glenelg,Wannon,Wannon,4,W,-1, -1 to 0,Nil,,0,10/01/2019,2,
Glenelg,Wannon,Wannon,4,A,0,0 to 1,Nil,,0,10/01/2019,2,
Glenelg,Wannon,Wannon,4,B,1,1 to 2,Nil,,0,10/01/2019,2,
Glenelg,Wannon,Wannon,4,C,2,2 to 3,Nil,,0,10/01/2019,2,
Glenelg,Wannon,Wannon,3,W,-1, -1 to 0,Nil,,0,10/01/2019,2,
Glenelg,Wannon,Wannon,3,A,0,0 to 1,Nil,,0,10/01/2019,2,
Glenelg,Wannon,Wannon,3,B,1,1 to 2,Nil,,0,10/01/2019,2,
Glenelg,Wannon,Wannon,2,W,-1, -1 to 0,Nil,,0,10/01/2019,2,
Glenelg,Wannon,Wannon,2,A,0,0 to 1,Nil,,0,10/01/2019,2,
Glenelg,Wannon,Wannon,2,B,1,1 to 2,Nil,,0,10/01/2019,2,
Glenelg,Wannon,Wannon,2,C,2,2 to 3,Nil,,0,10/01/2019,2,
Glenelg,Wannon,Wannon,2,D,3,3 to 4,Nil,,0,10/01/2019,2,
Glenelg,Wannon,Wannon,2,E,4,4 to 5,Nil,,0,10/01/2019,2,
Glenelg,Wannon,Wannon,1,W,-1, -1 to 0,Dicot,,3,10/01/2019,2,
Glenelg,Wannon,Wannon,1,A,0,0 to 1,Nil,,0,10/01/2019,2,
Glenelg,Wannon,Wannon,1,B,1,1 to 2,Nil,,0,10/01/2019,2,
Glenelg,Glenelg,Weavers,7,W,-1, -1 to 0,Nil,,0,24/10/2019,4,
Glenelg,Glenelg,Weavers,7,A,0,0 to 1,Isolepis platycarpa,,10_50,24/10/2019,4,
Glenelg,Glenelg,Weavers,7,A,0,0 to 1,Isolepis hystrix,,10_50,24/10/2019,4,
Glenelg,Glenelg,Weavers,7,A,0,0 to 1,Lolium spp.,,10_50,24/10/2019,4,
Glenelg,Glenelg,Weavers,7,A,0,0 to 1,Vulpia spp.,,10_50,24/10/2019,4,
Glenelg,Glenelg,Weavers,7,A,0,0 to 1,Lythrum hyssopifolia,,1,24/10/2019,4,
Glenelg,Glenelg,Weavers,7,A,0,0 to 1,Crassula decumbens var. decumbens,,5,24/10/2019,4,
Glenelg,Glenelg,Weavers,7,B,1,1 to 2,Crassula decumbens var. decumbens,,10_50,24/10/2019,4,
Glenelg,Glenelg,Weavers,7,B,1,1 to 2,Bromus hordeaceus subsp. hordeaceus,,10_50,24/10/2019,4,
Glenelg,Glenelg,Weavers,7,B,1,1 to 2,Vulpia spp.,,100+,24/10/2019,4,
Glenelg,Glenelg,Weavers,7,B,1,1 to 2,Lolium spp.,,10_50,24/10/2019,4,
Glenelg,Glenelg,Weavers,7,B,1,1 to 2,Aira elegantissima,,10_50,24/10/2019,4,
Glenelg,Glenelg,Weavers,7,B,1,1 to 2,Holcus lanatus,,1,24/10/2019,4,
Glenelg,Glenelg,Weavers,7,B,1,1 to 2,Hordeum spp.,,10_50,24/10/2019,4,
Glenelg,Glenelg,Weavers,7,B,1,1 to 2,Hypochaeris radicata,,10_50,24/10/2019,4,
Glenelg,Glenelg,Weavers,7,B,1,1 to 2,Medicago spp.,,3,24/10/2019,4,
Glenelg,Glenelg,Weavers,7,C,2,2 to 3,Vulpia spp.,,100+,24/10/2019,4,
Glenelg,Glenelg,Weavers,7,C,2,2 to 3,Bromus hordeaceus subsp. hordeaceus,,100+,24/10/2019,4,
Glenelg,Glenelg,Weavers,7,C,2,2 to 3,Lolium spp.,,10_50,24/10/2019,4,
Glenelg,Glenelg,Weavers,7,C,2,2 to 3,Bromus diandrus,,5,24/10/2019,4,
Glenelg,Glenelg,Weavers,7,C,2,2 to 3,Hypochaeris radicata,,3,24/10/2019,4,
Glenelg,Glenelg,Weavers,8,W,-1, -1 to 0,Isolepis platycarpa,,10_50,24/10/2019,4,
Glenelg,Glenelg,Weavers,8,W,-1, -1 to 0,Lolium spp.,,6,24/10/2019,4,
Glenelg,Glenelg,Weavers,8,A,0,0 to 1,Isolepis hystrix,,10_50,24/10/2019,4,
Glenelg,Glenelg,Weavers,8,A,0,0 to 1,Isolepis platycarpa,,50_100,24/10/2019,4,
Glenelg,Glenelg,Weavers,8,A,0,0 to 1,Lolium spp.,,10_50,24/10/2019,4,
Glenelg,Glenelg,Weavers,8,A,0,0 to 1,Crassula decumbens var. decumbens,,2,24/10/2019,4,
Glenelg,Glenelg,Weavers,8,A,0,0 to 1,Lythrum hyssopifolia,,2,24/10/2019,4,
Glenelg,Glenelg,Weavers,8,A,0,0 to 1,Crassula natans,,2,24/10/2019,4,
Glenelg,Glenelg,Weavers,8,A,0,0 to 1,Juncus bufonius,,1,24/10/2019,4,question mark
Glenelg,Glenelg,Weavers,8,B,1,1 to 2,Isolepis platycarpa,,10_50,24/10/2019,4,
Glenelg,Glenelg,Weavers,8,B,1,1 to 2,Lolium spp.,,10_50,24/10/2019,4,
Glenelg,Glenelg,Weavers,8,B,1,1 to 2,Hordeum spp.,,50_100,24/10/2019,4,
Glenelg,Glenelg,Weavers,8,B,1,1 to 2,Vulpia spp.,,50_100,24/10/2019,4,
Glenelg,Glenelg,Weavers,8,C,2,2 to 3,Vulpia spp.,,100+,24/10/2019,4,
Glenelg,Glenelg,Weavers,8,C,2,2 to 3,Lolium spp.,,10_50,24/10/2019,4,
Glenelg,Glenelg,Weavers,8,C,2,2 to 3,Hordeum spp.,,10_50,24/10/2019,4,
Glenelg,Glenelg,Weavers,8,C,2,2 to 3,Bromus hordeaceus subsp. hordeaceus,,10_50,24/10/2019,4,
Glenelg,Glenelg,Weavers,4,W,-1, -1 to 0,Nil,,0,24/10/2019,4,
Glenelg,Glenelg,Weavers,4,A,0,0 to 1,Lolium spp.,,100+,24/10/2019,4,
Glenelg,Glenelg,Weavers,4,A,0,0 to 1,Hordeum spp.,,100+,24/10/2019,4,
Glenelg,Glenelg,Weavers,4,A,0,0 to 1,Isolepis cernua,,10_50,24/10/2019,4,
Glenelg,Glenelg,Weavers,4,A,0,0 to 1,Bromus hordeaceus subsp. hordeaceus,,10_50,24/10/2019,4,
Glenelg,Glenelg,Weavers,4,B,1,1 to 2,Lolium spp.,,100+,24/10/2019,4,
Glenelg,Glenelg,Weavers,4,B,1,1 to 2,Hordeum spp.,,100+,24/10/2019,4,
Glenelg,Glenelg,Weavers,4,C,2,2 to 3,Lolium spp.,,100+,24/10/2019,4,
Glenelg,Glenelg,Weavers,4,C,2,2 to 3,Hordeum spp.,,100+,24/10/2019,4,
Glenelg,Glenelg,Weavers,3,W,-1, -1 to 0,Ranunculus amphitrichus,,5,24/10/2019,4,
Glenelg,Glenelg,Weavers,3,W,-1, -1 to 0,Cycnogeton procerum,,10_50,24/10/2019,4,
Glenelg,Glenelg,Weavers,3,W,-1, -1 to 0,Lachnagrostis filiformis s.l.,,1,24/10/2019,4,
Glenelg,Glenelg,Weavers,3,A,0,0 to 1,Lolium spp.,,100+,24/10/2019,4,
Glenelg,Glenelg,Weavers,3,A,0,0 to 1,Monocot grass,,10_50,24/10/2019,4,check species in front of book
Glenelg,Glenelg,Weavers,3,A,0,0 to 1,Hordeum spp.,,100+,24/10/2019,4,
Glenelg,Glenelg,Weavers,3,B,1,1 to 2,Lolium spp.,,100+,24/10/2019,4,
Glenelg,Glenelg,Weavers,3,B,1,1 to 2,Hordeum spp.,,100+,24/10/2019,4,
Glenelg,Glenelg,Weavers,3,C,2,2 to 3,Lolium spp.,,100+,24/10/2019,4,
Glenelg,Glenelg,Weavers,3,C,2,2 to 3,Hordeum spp.,,100+,24/10/2019,4,
Glenelg,Glenelg,Weavers,4,W,-1, -1 to 0,Nil,,0,26/02/2020,5,
Glenelg,Glenelg,Weavers,4,A,0,0 to 1,Triglochin striata,,5,26/02/2020,5,
Glenelg,Glenelg,Weavers,4,B,1,1 to 2,Nil,,0,26/02/2020,5,
Glenelg,Glenelg,Weavers,4,C,2,2 to 3,Nil,,0,26/02/2020,5,
Glenelg,Glenelg,Weavers,3,W,-1, -1 to 0,Lachnagrostis filiformis s.l.,,4,26/02/2020,5,
Glenelg,Glenelg,Weavers,3,W,-1, -1 to 0,Triglochin striata,,2,26/02/2020,5,
Glenelg,Glenelg,Weavers,3,A,0,0 to 1,Nil,,0,26/02/2020,5,
Glenelg,Glenelg,Weavers,3,B,1,1 to 2,Nil,,0,26/02/2020,5,
Glenelg,Glenelg,Weavers,3,C,2,2 to 3,Nil,,0,26/02/2020,5,
Glenelg,Glenelg,Weavers,7,W,-1, -1 to 0,Monocot,,1,26/02/2020,5,
Glenelg,Glenelg,Weavers,7,A,0,0 to 1,Monocot,,3,26/02/2020,5,
Glenelg,Glenelg,Weavers,7,B,1,1 to 2,Nil,,0,26/02/2020,5,
Glenelg,Glenelg,Weavers,7,C,2,2 to 3,Nil,,0,26/02/2020,5,
Glenelg,Glenelg,Weavers,8,W,-1, -1 to 0,Polypogon monspeliensis,,10_50,26/02/2020,5,
Glenelg,Glenelg,Weavers,8,A,0,0 to 1,Monocot,,5,26/02/2020,5,
Glenelg,Glenelg,Weavers,8,B,1,1 to 2,Nil,,0,26/02/2020,5,
Glenelg,Glenelg,Weavers,8,C,2,2 to 3,Nil,,0,26/02/2020,5,
Glenelg,Glenelg,Dergholm,8,W,-1, -1 to 0,Nil,,0,9/01/2019,2,
Glenelg,Glenelg,Dergholm,8,A,0,0 to 1,Nil,,0,9/01/2019,2,
Glenelg,Glenelg,Dergholm,8,B,1,1 to 2,Nil,,0,9/01/2019,2,
Glenelg,Glenelg,Dergholm,8,C,2,2 to 3,Nil,,0,9/01/2019,2,
