SYSTEM,WATERWAY,SITE,TRANSECT,SUB_TRANS,METRES,METRES,SPECIES,ORIGIN,COUNT,DATE,SURVEY,EXCLOSURE,Notes
Loddon,Tullaroop,Hood,10,W,-1, -1 to 0,Nil,#N/A,0,25/09/2017,1,0,
Loddon,Tullaroop,Hood,10,A,0,0 to 1,Nil,#N/A,0,25/09/2017,1,0,
Loddon,Tullaroop,Hood,10,B,1,1 to 2,Nil,#N/A,0,25/09/2017,1,0,
Loddon,Tullaroop,Hood,10,C,2,2 to 3,Nil,#N/A,0,25/09/2017,1,0,
Loddon,Tullaroop,Hood,10,D,3,3 to 4,Nil,#N/A,0,25/09/2017,1,0,
Loddon,Tullaroop,Hood,9,W,-1, -1 to 0,Nil,#N/A,0,25/09/2017,1,0,
Loddon,Tullaroop,Hood,9,A,0,0 to 1,Nil,#N/A,0,25/09/2017,1,0,
Loddon,Tullaroop,Hood,9,B,1,1 to 2,Nil,#N/A,0,25/09/2017,1,0,
Loddon,Tullaroop,Hood,9,C,2,2 to 3,Nil,#N/A,0,25/09/2017,1,0,
Loddon,Tullaroop,Hood,8,W,-1, -1 to 0,Nil,#N/A,0,25/09/2017,1,0,
Loddon,Tullaroop,Hood,8,A,0,0 to 1,Nil,#N/A,0,25/09/2017,1,0,
Loddon,Tullaroop,Hood,8,B,1,1 to 2,Nil,#N/A,0,25/09/2017,1,0,
Loddon,Tullaroop,Hood,8,C,2,2 to 3,Nil,#N/A,0,25/09/2017,1,0,
Loddon,Tullaroop,Hood,8,C,2,2 to 3,Galium aparine,exotic,1,25/09/2017,1,0,
Loddon,Tullaroop,Hood,6,W,-1, -1 to 0,Nil,#N/A,0,25/09/2017,1,0,
Loddon,Tullaroop,Hood,6,A,0,0 to 1,Galium aparine,exotic,1,25/09/2017,1,0,
Loddon,Tullaroop,Hood,6,A,0,0 to 1,Atriplex prostrata,#N/A,1,25/09/2017,1,0,
Loddon,Tullaroop,Hood,6,A,0,0 to 1,Cirsium vulgare,exotic,2,25/09/2017,1,0,
Loddon,Tullaroop,Hood,6,B,1,1 to 2,Nil,#N/A,0,25/09/2017,1,0,
Loddon,Tullaroop,Hood,3,W,-1, -1 to 0,Nil,#N/A,0,25/09/2017,1,0,
Loddon,Tullaroop,Hood,3,A,0,0 to 1,Nil,#N/A,0,25/09/2017,1,0,
Loddon,Tullaroop,Hood,3,B,1,1 to 2,Nil,#N/A,0,25/09/2017,1,0,
Loddon,Tullaroop,Hood,3,C,2,2 to 3,Nil,#N/A,0,25/09/2017,1,0,
Loddon,Tullaroop,Hood,7,W,-1, -1 to 0,Nil,#N/A,0,25/09/2017,1,0,
Loddon,Tullaroop,Hood,7,A,0,0 to 1,Cerastium glomeratum s.l.,exotic,1,25/09/2017,1,0,
Loddon,Tullaroop,Hood,7,A,0,0 to 1,Cyperus eragrostis,exotic,10_50,25/09/2017,1,0,
Loddon,Tullaroop,Hood,7,A,0,0 to 1,Cynodon dactylon var. dactylon,exotic,6,25/09/2017,1,0,
Loddon,Tullaroop,Hood,7,B,1,1 to 2,Rumex spp.,native,2,25/09/2017,1,0,
Loddon,Tullaroop,Hood,7,B,1,1 to 2,Cyperus eragrostis,exotic,2,25/09/2017,1,0,
Loddon,Tullaroop,Hood,7,B,1,1 to 2,Lachnagrostis filiformis s.l.,native,2,25/09/2017,1,0,
Loddon,Tullaroop,Hood,7,B,1,1 to 2,Epilobium billardierianum subsp. billardierianum,native,1,25/09/2017,1,0,
Loddon,Tullaroop,Hood,7,C,2,2 to 3,Rumex spp.,native,1,25/09/2017,1,0,
Loddon,Tullaroop,Hood,7,C,2,2 to 3,Sonchus oleraceus,exotic,1,25/09/2017,1,0,
Loddon,Tullaroop,Hood,7,C,2,2 to 3,Cirsium vulgare,exotic,1,25/09/2017,1,0,
Loddon,Tullaroop,Hood,7,C,2,2 to 3,Echium plantagineum,exotic,1,25/09/2017,1,0,not in species master
Loddon,Tullaroop,Hood,5,W,-1, -1 to 0,Nil,#N/A,0,25/09/2017,1,0,
Loddon,Tullaroop,Hood,5,A,0,0 to 1,Nil,#N/A,0,25/09/2017,1,0,
Loddon,Tullaroop,Hood,5,B,1,1 to 2,Nil,#N/A,0,25/09/2017,1,0,
Loddon,Tullaroop,Hood,5,C,2,2 to 3,Nil,#N/A,0,25/09/2017,1,0,
Loddon,Tullaroop,Hood,5,D,3,3 to 4,Nil,#N/A,0,25/09/2017,1,0,
Loddon,Tullaroop,Hood,4,W,-1, -1 to 0,Nil,#N/A,0,25/09/2017,1,0,
Loddon,Tullaroop,Hood,4,A,0,0 to 1,Nil,#N/A,0,25/09/2017,1,0,
Loddon,Tullaroop,Hood,4,B,1,1 to 2,Nil,#N/A,0,25/09/2017,1,0,
Loddon,Tullaroop,Hood,4,C,2,2 to 3,Nil,#N/A,0,25/09/2017,1,0,
Loddon,Tullaroop,Hood,2,W,-1, -1 to 0,Nil,#N/A,0,25/09/2017,1,0,
Loddon,Tullaroop,Hood,2,A,0,0 to 1,Nil,#N/A,0,25/09/2017,1,0,
Loddon,Tullaroop,Hood,2,B,1,1 to 2,Nil,#N/A,0,25/09/2017,1,0,
Loddon,Tullaroop,Hood,1,W,-1, -1 to 0,Nil,#N/A,0,25/09/2017,1,0,
Loddon,Tullaroop,Hood,1,A,0,0 to 1,Cirsium vulgare,exotic,2,25/09/2017,1,0,
Loddon,Tullaroop,Hood,1,A,0,0 to 1,Epilobium billardierianum subsp. billardierianum,native,2,25/09/2017,1,0,
Loddon,Tullaroop,Hood,1,A,0,0 to 1,Lolium perenne,exotic,10_50,25/09/2017,1,0,
Loddon,Tullaroop,Hood,1,A,0,0 to 1,Galium aparine,exotic,1,25/09/2017,1,0,
Loddon,Tullaroop,Hood,1,B,1,1 to 2,Cirsium vulgare,exotic,1,25/09/2017,1,0,
Loddon,Tullaroop,Hood,1,C,2,2 to 3,Cirsium vulgare,exotic,2,25/09/2017,1,0,
Loddon,Tullaroop,Hood,1,D,3,3 to 4,Nil,#N/A,0,25/09/2017,1,0,
Loddon,Tullaroop,Hood,1,E,4,4 to 5,skipped,NA,0,25/09/2017,1,0,
Loddon,Tullaroop,Hood,1,F,5,5 to 6,Nil,#N/A,0,25/09/2017,1,0,
Loddon,Tullaroop,Hood,1,G,6,6 to 7,skipped,NA,0,25/09/2017,1,0,
Loddon,Tullaroop,Hood,1,H,7,7 to 8,Stellaria media,#N/A,1,25/09/2017,1,0,
Loddon,Tullaroop,Hood,1,I,8,8 to 9,skipped,NA,0,25/09/2017,1,0,
Loddon,Tullaroop,Hood,1,J,9,9 to 10,Nil,#N/A,0,25/09/2017,1,0,
Loddon,Tullaroop,Mullins,3,W,-1, -1 to 0,Nil,#N/A,0,25/09/2017,1,0,
Loddon,Tullaroop,Mullins,3,A,0,0 to 1,Lachnagrostis filiformis s.l.,native,5,25/09/2017,1,0,
Loddon,Tullaroop,Mullins,3,A,0,0 to 1,Bolboschoenus medianus,native,1,25/09/2017,1,0,
Loddon,Tullaroop,Mullins,3,B,1,1 to 2,Lachnagrostis filiformis s.l.,native,10_50,25/09/2017,1,0,
Loddon,Tullaroop,Mullins,3,B,1,1 to 2,Lolium rigidum,exotic,5,25/09/2017,1,0,
Loddon,Tullaroop,Mullins,3,B,1,1 to 2,Epilobium billardierianum subsp. billardierianum,native,1,25/09/2017,1,0,
Loddon,Tullaroop,Mullins,3,B,1,1 to 2,Lythrum hyssopifolia,native,2,25/09/2017,1,0,
Loddon,Tullaroop,Mullins,3,C,2,2 to 3,Eucalyptus camaldulensis subsp. camaldulensis,native,2,25/09/2017,1,0,
Loddon,Tullaroop,Mullins,3,D,3,3 to 4,Eucalyptus camaldulensis subsp. camaldulensis,native,2,25/09/2017,1,0,
Loddon,Tullaroop,Mullins,4,W,-1, -1 to 0,Nil,#N/A,0,25/09/2017,1,0,
Loddon,Tullaroop,Mullins,4,A,0,0 to 1,Lachnagrostis filiformis s.l.,native,3,25/09/2017,1,0,
Loddon,Tullaroop,Mullins,4,A,0,0 to 1,Lolium rigidum,exotic,1,25/09/2017,1,0,
Loddon,Tullaroop,Mullins,4,B,1,1 to 2,Lolium rigidum,exotic,5,25/09/2017,1,0,
Loddon,Tullaroop,Mullins,4,B,1,1 to 2,Lepidium africanum,exotic,1,25/09/2017,1,0,
Loddon,Tullaroop,Mullins,4,C,2,2 to 3,Lachnagrostis filiformis s.l.,native,10,25/09/2017,1,0,
Loddon,Tullaroop,Mullins,5,W,-1, -1 to 0,Nil,#N/A,0,25/09/2017,1,0,
Loddon,Tullaroop,Mullins,5,A,0,0 to 1,Lachnagrostis filiformis s.l.,native,10,25/09/2017,1,0,
Loddon,Tullaroop,Mullins,5,A,0,0 to 1,Lythrum hyssopifolia,native,1,25/09/2017,1,0,
Loddon,Tullaroop,Mullins,5,B,1,1 to 2,Lachnagrostis filiformis s.l.,native,3,25/09/2017,1,0,
Loddon,Tullaroop,Mullins,5,C,2,2 to 3,Eucalyptus camaldulensis subsp. camaldulensis,native,5,25/09/2017,1,0,
Loddon,Tullaroop,Mullins,5,D,3,3 to 4,Nil,#N/A,0,25/09/2017,1,0,
Loddon,Tullaroop,Mullins,6,W,-1, -1 to 0,Nil,#N/A,0,25/09/2017,1,0,
Loddon,Tullaroop,Mullins,6,A,0,0 to 1,Nil,#N/A,0,25/09/2017,1,0,
Loddon,Tullaroop,Mullins,6,B,1,1 to 2,Nil,#N/A,0,25/09/2017,1,0,
Loddon,Tullaroop,Mullins,7,W,-1, -1 to 0,Nil,#N/A,0,25/09/2017,1,0,
Loddon,Tullaroop,Mullins,7,A,0,0 to 1,Lythrum hyssopifolia,native,10_50,25/09/2017,1,0,
Loddon,Tullaroop,Mullins,7,B,1,1 to 2,Cirsium vulgare,exotic,3,25/09/2017,1,0,
Loddon,Tullaroop,Mullins,7,B,1,1 to 2,Oxalis pes-caprae,exotic,10,25/09/2017,1,0,
Loddon,Tullaroop,Mullins,7,B,1,1 to 2,Eucalyptus camaldulensis subsp. camaldulensis,native,9,25/09/2017,1,0,
Loddon,Tullaroop,Mullins,2,W,-1, -1 to 0,Nil,#N/A,0,25/09/2017,1,0,
Loddon,Tullaroop,Mullins,2,A,0,0 to 1,Lachnagrostis filiformis s.l.,native,9,25/09/2017,1,0,
Loddon,Tullaroop,Mullins,2,B,1,1 to 2,Lythrum hyssopifolia,native,1,25/09/2017,1,0,
Loddon,Tullaroop,Mullins,2,B,1,1 to 2,Lolium rigidum,exotic,3,25/09/2017,1,0,
Loddon,Tullaroop,Mullins,2,C,2,2 to 3,Rumex spp.,native,1,25/09/2017,1,0,
Loddon,Tullaroop,Mullins,1,W,-1, -1 to 0,Nil,#N/A,0,25/09/2017,1,0,
Loddon,Tullaroop,Mullins,1,A,0,0 to 1,Nil,#N/A,0,25/09/2017,1,0,
Loddon,Tullaroop,Mullins,1,B,1,1 to 2,Nil,#N/A,0,25/09/2017,1,0,
Loddon,Tullaroop,Mullins,1,C,2,2 to 3,Oxalis pes-caprae,exotic,10_50,25/09/2017,1,0,
Loddon,Tullaroop,Mullins,1,D,3,3 to 4,Nil,#N/A,0,25/09/2017,1,0,
Loddon,Tullaroop,Mullins,1,E,4,4 to 5,Nil,#N/A,0,25/09/2017,1,0,
Loddon,Tullaroop,Mullins,10,W,-1, -1 to 0,Nil,#N/A,0,25/09/2017,1,0,
Loddon,Tullaroop,Mullins,10,A,0,0 to 1,Lolium spp.,#N/A,10_50,25/09/2017,1,0,
Loddon,Tullaroop,Mullins,10,B,1,1 to 2,Lolium spp.,#N/A,10_50,25/09/2017,1,0,
Loddon,Tullaroop,Mullins,10,B,1,1 to 2,Monocot grass,exotic,10_50,25/09/2017,1,0,Was Exo
Loddon,Tullaroop,Mullins,10,C,2,2 to 3,Monocot grass,#N/A,10_50,25/09/2017,1,0,Was Lolium/Exo
Loddon,Tullaroop,Mullins,9,W,-1, -1 to 0,Nil,#N/A,0,25/09/2017,1,0,
Loddon,Tullaroop,Mullins,9,A,0,0 to 1,Monocot grass,exotic,10_50,25/09/2017,1,0,Was Exo
Loddon,Tullaroop,Mullins,9,B,1,1 to 2,Monocot grass,exotic,10_50,25/09/2017,1,0,Was Exo
Loddon,Tullaroop,Mullins,9,C,2,2 to 3,Nil,#N/A,0,25/09/2017,1,0,
Loddon,Tullaroop,Mullins,8,W,-1, -1 to 0,Nil,#N/A,0,25/09/2017,1,0,
Loddon,Tullaroop,Mullins,8,A,0,0 to 1,Monocot grass,exotic,10_50,25/09/2017,1,0,Was Exo
Loddon,Tullaroop,Mullins,8,B,1,1 to 2,Lachnagrostis filiformis s.l.,native,5,25/09/2017,1,0,
Loddon,Tullaroop,Mullins,8,B,1,1 to 2,Lolium rigidum,exotic,6,25/09/2017,1,0,
Loddon,Tullaroop,Mullins,8,B,1,1 to 2,Hypochaeris radicata,exotic,3,25/09/2017,1,0,
Loddon,Tullaroop,Mullins,8,B,1,1 to 2,Lythrum hyssopifolia,native,10_50,25/09/2017,1,0,
Loddon,Tullaroop,Mullins,8,C,2,2 to 3,Lythrum hyssopifolia,native,1,25/09/2017,1,0,
Loddon,Tullaroop,Mullins,8,C,2,2 to 3,Lepidium africanum,exotic,1,25/09/2017,1,0,
Loddon,Tullaroop,Mullins,8,C,2,2 to 3,Lolium rigidum,exotic,3,25/09/2017,1,0,
Loddon,Tullaroop,Mullins,8,D,3,3 to 4,Nil,#N/A,0,25/09/2017,1,0,
Loddon,TwelveMile,TwelveMileCanaryIsland,4,W,-1, -1 to 0,Nil,#N/A,0,26/09/2017,1,0,
Loddon,TwelveMile,TwelveMileCanaryIsland,4,A,0,0 to 1,Ranunculus inundatus,native,1,26/09/2017,1,0,not in species master
Loddon,TwelveMile,TwelveMileCanaryIsland,4,A,0,0 to 1,Lythrum hyssopifolia,native,3,26/09/2017,1,0,
Loddon,TwelveMile,TwelveMileCanaryIsland,4,A,0,0 to 1,Alternanthera denticulata,native,3,26/09/2017,1,0,
Loddon,TwelveMile,TwelveMileCanaryIsland,4,A,0,0 to 1,Lolium rigidum,exotic,4,26/09/2017,1,0,
Loddon,TwelveMile,TwelveMileCanaryIsland,4,B,1,1 to 2,Lolium rigidum,exotic,5,26/09/2017,1,0,
Loddon,TwelveMile,TwelveMileCanaryIsland,4,C,2,2 to 3,Rumex brownii,native,5,26/09/2017,1,0,
Loddon,TwelveMile,TwelveMileCanaryIsland,2,W,-1, -1 to 0,Nil,#N/A,0,26/09/2017,1,0,
Loddon,TwelveMile,TwelveMileCanaryIsland,2,A,0,0 to 1,Centipeda cunninghamii,native,2,26/09/2017,1,0,
Loddon,TwelveMile,TwelveMileCanaryIsland,2,B,1,1 to 2,Mentha pulegium,exotic,10_50,26/09/2017,1,0,
Loddon,TwelveMile,TwelveMileCanaryIsland,2,C,2,2 to 3,Mentha pulegium,exotic,10_50,26/09/2017,1,0,
Loddon,TwelveMile,TwelveMileCanaryIsland,2,C,2,2 to 3,Lolium rigidum,exotic,10_50,26/09/2017,1,0,
Loddon,TwelveMile,TwelveMileCanaryIsland,5,W,-1, -1 to 0,Nil,#N/A,0,26/09/2017,1,0,
Loddon,TwelveMile,TwelveMileCanaryIsland,5,A,0,0 to 1,Cyperus eragrostis,exotic,10_50,26/09/2017,1,0,
Loddon,TwelveMile,TwelveMileCanaryIsland,5,B,1,1 to 2,Cyperus eragrostis,exotic,10_50,26/09/2017,1,0,
Loddon,TwelveMile,TwelveMileCanaryIsland,5,B,1,1 to 2,Oxalis perennans,native,10_50,26/09/2017,1,0,
Loddon,TwelveMile,TwelveMileCanaryIsland,5,B,1,1 to 2,Epilobium spp.,#N/A,1,26/09/2017,1,0,not in species master
Loddon,TwelveMile,TwelveMileCanaryIsland,5,B,1,1 to 2,Dicot,#N/A,1,26/09/2017,1,0,
Loddon,TwelveMile,TwelveMileCanaryIsland,5,C,2,2 to 3,Oxalis perennans,native,10_50,26/09/2017,1,0,
Loddon,TwelveMile,TwelveMileCanaryIsland,5,C,2,2 to 3,Cyperus eragrostis,exotic,10_50,26/09/2017,1,0,
Loddon,TwelveMile,TwelveMileCanaryIsland,5,D,3,3 to 4,Oxalis perennans,native,10_50,26/09/2017,1,0,
Loddon,TwelveMile,TwelveMileCanaryIsland,3,W,-1, -1 to 0,Nil,#N/A,0,26/09/2017,1,0,
Loddon,TwelveMile,TwelveMileCanaryIsland,3,A,0,0 to 1,Nil,#N/A,0,26/09/2017,1,0,
Loddon,TwelveMile,TwelveMileCanaryIsland,3,B,1,1 to 2,Lachnagrostis filiformis s.l.,native,10_50,26/09/2017,1,0,
Loddon,TwelveMile,TwelveMileCanaryIsland,3,C,2,2 to 3,Eucalyptus camaldulensis subsp. camaldulensis,native,2,26/09/2017,1,0,
Loddon,TwelveMile,TwelveMileCanaryIsland,3,C,2,2 to 3,Cyperus eragrostis,exotic,2,26/09/2017,1,0,
Loddon,TwelveMile,TwelveMileCanaryIsland,3,D,3,3 to 4,Nil,#N/A,0,26/09/2017,1,0,
Loddon,TwelveMile,TwelveMileCanaryIsland,3,E,4,4 to 5,Rumex tenax,native,10_50,26/09/2017,1,0,
Loddon,TwelveMile,TwelveMileCanaryIsland,3,F,5,5 to 6,Lythrum hyssopifolia,native,1,26/09/2017,1,0,
Loddon,TwelveMile,TwelveMileCanaryIsland,3,F,5,5 to 6,Oxalis perennans,native,2,26/09/2017,1,0,
Loddon,TwelveMile,TwelveMileCanaryIsland,1,W,-1, -1 to 0,Alternanthera denticulata,native,1,26/09/2017,1,0,
Loddon,TwelveMile,TwelveMileCanaryIsland,1,A,0,0 to 1,Oxalis perennans,native,3,26/09/2017,1,0,
Loddon,TwelveMile,TwelveMileCanaryIsland,1,B,1,1 to 2,Oxalis perennans,native,2,26/09/2017,1,0,
Loddon,TwelveMile,TwelveMileCanaryIsland,1,C,2,2 to 3,Oxalis perennans,native,2,26/09/2017,1,0,
Loddon,Loddon,LoddonCanaryIsland,5,W,-1, -1 to 0,Nil,#N/A,0,26/09/2017,1,0,
Loddon,Loddon,LoddonCanaryIsland,5,A,0,0 to 1,Lolium rigidum,exotic,1,26/09/2017,1,0,
Loddon,Loddon,LoddonCanaryIsland,5,B,1,1 to 2,Lactuca saligna,exotic,10_50,26/09/2017,1,0,not in species master
Loddon,Loddon,LoddonCanaryIsland,5,B,1,1 to 2,Lolium rigidum,exotic,10,26/09/2017,1,0,
Loddon,Loddon,LoddonCanaryIsland,5,B,1,1 to 2,Avena spp.,exotic,1,26/09/2017,1,0,
Loddon,Loddon,LoddonCanaryIsland,5,C,2,2 to 3,Lactuca saligna,exotic,10_50,26/09/2017,1,0,not in species master
Loddon,Loddon,LoddonCanaryIsland,5,C,2,2 to 3,Lolium rigidum,exotic,10_50,26/09/2017,1,0,
Loddon,Loddon,LoddonCanaryIsland,5,C,2,2 to 3,Bromus diandrus,exotic,5,26/09/2017,1,0,
Loddon,Loddon,LoddonCanaryIsland,5,D,3,3 to 4,Nil,#N/A,0,26/09/2017,1,0,
Loddon,Loddon,LoddonCanaryIsland,5,E,4,4 to 5,Nil,#N/A,0,26/09/2017,1,0,
Loddon,Loddon,LoddonCanaryIsland,1,W,-1, -1 to 0,Nil,#N/A,0,26/09/2017,1,0,
Loddon,Loddon,LoddonCanaryIsland,1,A,0,0 to 1,Lolium rigidum,exotic,1,26/09/2017,1,0,
Loddon,Loddon,LoddonCanaryIsland,1,A,0,0 to 1,Symphyotrichum subulatum,exotic,1,26/09/2017,1,0,
Loddon,Loddon,LoddonCanaryIsland,1,A,0,0 to 1,Lactuca serriola,exotic,1,26/09/2017,1,0,
Loddon,Loddon,LoddonCanaryIsland,1,B,1,1 to 2,Nil,#N/A,0,26/09/2017,1,0,
Loddon,Loddon,LoddonCanaryIsland,1,C,2,2 to 3,Lolium rigidum,exotic,10,26/09/2017,1,0,
Loddon,Loddon,LoddonCanaryIsland,1,C,2,2 to 3,Asperula conferta,native,2,26/09/2017,1,0,
Loddon,Loddon,LoddonCanaryIsland,1,D,3,3 to 4,Asperula conferta,native,10,26/09/2017,1,0,
Loddon,Loddon,LoddonCanaryIsland,1,D,3,3 to 4,Lolium rigidum,exotic,10,26/09/2017,1,0,
Loddon,Loddon,LoddonCanaryIsland,1,D,3,3 to 4,Hypochaeris radicata,exotic,3,26/09/2017,1,0,
Loddon,Loddon,LoddonCanaryIsland,2,W,-1, -1 to 0,Nil,#N/A,0,26/09/2017,1,0,
Loddon,Loddon,LoddonCanaryIsland,2,A,0,0 to 1,Lolium rigidum,exotic,1,26/09/2017,1,0,
Loddon,Loddon,LoddonCanaryIsland,2,B,1,1 to 2,Hypochaeris radicata,exotic,2,26/09/2017,1,0,
Loddon,Loddon,LoddonCanaryIsland,2,B,1,1 to 2,Lolium rigidum,exotic,1,26/09/2017,1,0,
Loddon,Loddon,LoddonCanaryIsland,2,B,1,1 to 2,Walwhalleya proluta,native,1,26/09/2017,1,0,
Loddon,Loddon,LoddonCanaryIsland,2,C,2,2 to 3,Avena spp.,exotic,1,26/09/2017,1,0,
Loddon,Loddon,LoddonCanaryIsland,2,C,2,2 to 3,Cirsium vulgare,exotic,2,26/09/2017,1,0,
Loddon,Loddon,LoddonCanaryIsland,2,C,2,2 to 3,Hypochaeris radicata,exotic,4,26/09/2017,1,0,
Loddon,Loddon,LoddonCanaryIsland,2,C,2,2 to 3,Lolium rigidum,exotic,1,26/09/2017,1,0,
Loddon,Loddon,LoddonCanaryIsland,2,D,3,3 to 4,Hypochaeris radicata,exotic,10_50,26/09/2017,1,0,
Loddon,Loddon,LoddonCanaryIsland,2,D,3,3 to 4,Lolium rigidum,exotic,10,26/09/2017,1,0,
Loddon,Loddon,LoddonCanaryIsland,2,D,3,3 to 4,Walwhalleya proluta,native,2,26/09/2017,1,0,
Loddon,Loddon,LoddonCanaryIsland,2,D,3,3 to 4,Cirsium vulgare,exotic,2,26/09/2017,1,0,
Loddon,Loddon,LoddonCanaryIsland,2,D,3,3 to 4,Senecio quadridentatus,native,1,26/09/2017,1,0,
Loddon,Loddon,LoddonCanaryIsland,4,W,-1, -1 to 0,Nil,#N/A,2,26/09/2017,1,0,Chris to check why there is a count of 2 - should this be zero or is it a species?
Loddon,Loddon,LoddonCanaryIsland,4,A,0,0 to 1,Nil,#N/A,2,26/09/2017,1,0,Chris to check why there is a count of 2 - should this be zero or is it a species?
Loddon,Loddon,LoddonCanaryIsland,4,B,1,1 to 2,Lactuca saligna,exotic,1,26/09/2017,1,0,not in species master
Loddon,Loddon,LoddonCanaryIsland,4,C,2,2 to 3,Lactuca saligna,exotic,10_50,26/09/2017,1,0,not in species master
Loddon,Loddon,LoddonCanaryIsland,4,D,3,3 to 4,Hypochaeris glabra,#N/A,2,26/09/2017,1,0,
Loddon,Loddon,LoddonCanaryIsland,3,W,-1, -1 to 0,Nil,#N/A,0,26/09/2017,1,0,
Loddon,Loddon,LoddonCanaryIsland,3,A,0,0 to 1,Eucalyptus camaldulensis subsp. camaldulensis,native,1,26/09/2017,1,0,
Loddon,Loddon,LoddonCanaryIsland,3,B,1,1 to 2,Lactuca saligna,exotic,8,26/09/2017,1,0,not in species master
Loddon,Loddon,LoddonCanaryIsland,3,C,2,2 to 3,Lactuca saligna,exotic,5,26/09/2017,1,0,not in species master
Loddon,Loddon,LoddonCanaryIsland,3,D,3,3 to 4,Lactuca saligna,exotic,2,26/09/2017,1,0,not in species master
Loddon,Loddon,LoddonCanaryIsland,3,D,3,3 to 4,Sonchus oleraceus,exotic,1,26/09/2017,1,0,
Loddon,Loddon,LoddonCanaryIsland,3,D,3,3 to 4,Hypochaeris radicata,exotic,1,26/09/2017,1,0,
Loddon,Loddon,Caldwells,5,W,-1, -1 to 0,Alternanthera denticulata,native,50_100,26/09/2017,1,0,
Loddon,Loddon,Caldwells,5,A,0,0 to 1,Alternanthera denticulata,native,50_100,26/09/2017,1,0,
Loddon,Loddon,Caldwells,5,B,1,1 to 2,Dicot,#N/A,1,26/09/2017,1,0,
Loddon,Loddon,Caldwells,5,C,2,2 to 3,Nil,#N/A,0,26/09/2017,1,0,
Loddon,Loddon,Caldwells,4,W,-1, -1 to 0,Nil,#N/A,0,26/09/2017,1,0,
Loddon,Loddon,Caldwells,4,A,0,0 to 1,Rumex tenax,native,2,26/09/2017,1,0,
Loddon,Loddon,Caldwells,4,A,0,0 to 1,Ranunculus pumilio,native,2,26/09/2017,1,0,
Loddon,Loddon,Caldwells,4,B,1,1 to 2,Rumex tenax,native,1,26/09/2017,1,0,
Loddon,Loddon,Caldwells,4,C,2,2 to 3,Nil,#N/A,0,26/09/2017,1,0,
Loddon,Loddon,Caldwells,3,W,-1, -1 to 0,Alternanthera denticulata,native,10,26/09/2017,1,0,
Loddon,Loddon,Caldwells,3,A,0,0 to 1,Eucalyptus camaldulensis subsp. camaldulensis,native,2,26/09/2017,1,0,
Loddon,Loddon,Caldwells,3,A,0,0 to 1,Ranunculus pumilio,native,1,26/09/2017,1,0,
Loddon,Loddon,Caldwells,3,A,0,0 to 1,Alternanthera denticulata,native,10_50,26/09/2017,1,0,
Loddon,Loddon,Caldwells,3,A,0,0 to 1,Lolium rigidum,exotic,,26/09/2017,1,0,Count is blank
Loddon,Loddon,Caldwells,3,B,1,1 to 2,Nil,#N/A,0,26/09/2017,1,0,
Loddon,Loddon,Caldwells,3,C,2,2 to 3,Helminthotheca echioides,exotic,2,26/09/2017,1,0,
Loddon,Loddon,Caldwells,1,W,-1, -1 to 0,Dicot,#N/A,1,26/09/2017,1,0,
Loddon,Loddon,Caldwells,1,A,0,0 to 1,Dicot,#N/A,1,26/09/2017,1,0,
Loddon,Loddon,Caldwells,1,A,0,0 to 1,Eucalyptus camaldulensis subsp. camaldulensis,native,1,26/09/2017,1,0,
Loddon,Loddon,Caldwells,1,B,1,1 to 2,Asperula gemella,native,1,26/09/2017,1,0,
Loddon,Loddon,Caldwells,2,W,-1, -1 to 0,Nil,#N/A,0,26/09/2017,1,0,
Loddon,Loddon,Caldwells,2,A,0,0 to 1,Nil,#N/A,0,26/09/2017,1,0,
Loddon,Loddon,Caldwells,2,B,1,1 to 2,Lythrum hyssopifolia,native,10_50,26/09/2017,1,0,
Loddon,Loddon,Caldwells,2,C,2,2 to 3,Nil,#N/A,0,26/09/2017,1,0,
Loddon,TwelveMile,Frosts,1,W,-1, -1 to 0,Nil,#N/A,0,26/09/2017,1,0,
Loddon,TwelveMile,Frosts,1,A,0,0 to 1,Helminthotheca echioides,exotic,10_50,26/09/2017,1,0,
Loddon,TwelveMile,Frosts,1,B,1,1 to 2,Cyperus eragrostis,exotic,5,26/09/2017,1,0,
Loddon,TwelveMile,Frosts,1,B,1,1 to 2,Lolium rigidum,exotic,10_50,26/09/2017,1,0,
Loddon,TwelveMile,Frosts,1,B,1,1 to 2,Helminthotheca echioides,exotic,10,26/09/2017,1,0,
Loddon,TwelveMile,Frosts,1,C,2,2 to 3,Lolium rigidum,exotic,50_100,26/09/2017,1,0,
Loddon,TwelveMile,Frosts,1,C,2,2 to 3,Helminthotheca echioides,exotic,50_100,26/09/2017,1,0,
Loddon,TwelveMile,Frosts,1,D,3,3 to 4,Calotis scapigera,native,50_100,26/09/2017,1,0,
Loddon,TwelveMile,Frosts,1,D,3,3 to 4,Lolium rigidum,exotic,10,26/09/2017,1,0,
Loddon,TwelveMile,Frosts,2,W,-1, -1 to 0,Nil,#N/A,0,26/09/2017,1,0,
Loddon,TwelveMile,Frosts,2,A,0,0 to 1,Helminthotheca echioides,exotic,1,26/09/2017,1,0,
Loddon,TwelveMile,Frosts,2,A,0,0 to 1,Lolium rigidum,exotic,2,26/09/2017,1,0,
Loddon,TwelveMile,Frosts,2,B,1,1 to 2,Lythrum hyssopifolia,native,2,26/09/2017,1,0,
Loddon,TwelveMile,Frosts,2,B,1,1 to 2,Sonchus oleraceus,exotic,1,26/09/2017,1,0,
Loddon,TwelveMile,Frosts,2,B,1,1 to 2,Helminthotheca echioides,exotic,2,26/09/2017,1,0,
Loddon,TwelveMile,Frosts,2,C,2,2 to 3,Nil,#N/A,0,26/09/2017,1,0,
Loddon,TwelveMile,Frosts,5,W,-1, -1 to 0,Lythrum hyssopifolia,native,1,26/09/2017,1,0,
Loddon,TwelveMile,Frosts,5,A,0,0 to 1,Lythrum hyssopifolia,native,2,26/09/2017,1,0,
Loddon,TwelveMile,Frosts,5,B,1,1 to 2,Nil,#N/A,0,26/09/2017,1,0,
Loddon,TwelveMile,Frosts,5,C,2,2 to 3,Lolium rigidum,exotic,10_50,26/09/2017,1,0,
Loddon,TwelveMile,Frosts,4,W,-1, -1 to 0,Nil,#N/A,0,26/09/2017,1,0,
Loddon,TwelveMile,Frosts,4,A,0,0 to 1,Dicot,#N/A,1,26/09/2017,1,0,
Loddon,TwelveMile,Frosts,4,B,1,1 to 2,Nil,#N/A,0,26/09/2017,1,0,
Loddon,TwelveMile,Frosts,4,C,2,2 to 3,Lachnagrostis filiformis s.l.,native,1,26/09/2017,1,0,
Loddon,TwelveMile,Frosts,3,W,-1, -1 to 0,Nil,#N/A,0,26/09/2017,1,0,
Loddon,TwelveMile,Frosts,3,A,0,0 to 1,Hypochaeris radicata,exotic,1,26/09/2017,1,0,
Loddon,TwelveMile,Frosts,3,B,1,1 to 2,Hypochaeris radicata,exotic,3,26/09/2017,1,0,
Loddon,TwelveMile,Frosts,3,B,1,1 to 2,Sonchus oleraceus,exotic,1,26/09/2017,1,0,
Loddon,Tullaroop,Hood,10,W,-1, -1 to 0,Nil,#N/A,0,9/01/2018,2,0,
Loddon,Tullaroop,Hood,10,A,0,0 to 1,Nil,#N/A,0,9/01/2018,2,0,
Loddon,Tullaroop,Hood,10,B,1,1 to 2,Nil,#N/A,0,9/01/2018,2,0,
Loddon,Tullaroop,Hood,10,C,2,2 to 3,Nil,#N/A,0,9/01/2018,2,0,
Loddon,Tullaroop,Hood,10,D,3,3 to 4,Nil,#N/A,0,9/01/2018,2,0,
Loddon,Tullaroop,Hood,9,W,-1, -1 to 0,Nil,#N/A,0,9/01/2018,2,0,
Loddon,Tullaroop,Hood,9,A,0,0 to 1,Nil,#N/A,0,9/01/2018,2,0,
Loddon,Tullaroop,Hood,9,B,1,1 to 2,Nil,#N/A,0,9/01/2018,2,0,
Loddon,Tullaroop,Hood,9,C,2,2 to 3,Nil,#N/A,0,9/01/2018,2,0,
Loddon,Tullaroop,Hood,8,W,-1, -1 to 0,Nil,#N/A,0,9/01/2018,2,0,
Loddon,Tullaroop,Hood,8,A,0,0 to 1,Nil,#N/A,0,9/01/2018,2,0,
Loddon,Tullaroop,Hood,8,B,1,1 to 2,Sonchus oleraceus,exotic,2,9/01/2018,2,0,
Loddon,Tullaroop,Hood,8,B,1,1 to 2,Cyperus eragrostis,exotic,10_50,9/01/2018,2,0,
Loddon,Tullaroop,Hood,8,C,2,2 to 3,Nil,#N/A,0,9/01/2018,2,0,
Loddon,Tullaroop,Hood,7,W,-1, -1 to 0,Nil,#N/A,0,9/01/2018,2,0,
Loddon,Tullaroop,Hood,7,A,0,0 to 1,Cyperus eragrostis,exotic,10_50,9/01/2018,2,0,
Loddon,Tullaroop,Hood,7,B,1,1 to 2,Cyperus eragrostis,exotic,10_50,9/01/2018,2,0,
Loddon,Tullaroop,Hood,7,C,2,2 to 3,Sonchus oleraceus,exotic,1,9/01/2018,2,0,
Loddon,Tullaroop,Hood,6,W,-1, -1 to 0,Nil,#N/A,0,9/01/2018,2,0,
Loddon,Tullaroop,Hood,6,A,0,0 to 1,Nil,#N/A,0,9/01/2018,2,0,
Loddon,Tullaroop,Hood,6,B,1,1 to 2,Nil,#N/A,0,9/01/2018,2,0,
Loddon,Tullaroop,Hood,5,W,-1, -1 to 0,Nil,#N/A,0,9/01/2018,2,0,
Loddon,Tullaroop,Hood,5,A,0,0 to 1,Cyperus eragrostis,exotic,1,9/01/2018,2,0,
Loddon,Tullaroop,Hood,5,B,1,1 to 2,Nil,#N/A,0,9/01/2018,2,0,
Loddon,Tullaroop,Hood,5,C,2,2 to 3,Nil,#N/A,0,9/01/2018,2,0,
Loddon,Tullaroop,Hood,5,D,3,3 to 4,Atriplex prostrata,exotic,1,9/01/2018,2,0,
Loddon,Tullaroop,Hood,4,W,-1, -1 to 0,Nil,#N/A,0,9/01/2018,2,0,
Loddon,Tullaroop,Hood,4,A,0,0 to 1,Atriplex prostrata,exotic,1,9/01/2018,2,0,
Loddon,Tullaroop,Hood,4,B,1,1 to 2,Nil,#N/A,0,9/01/2018,2,0,
Loddon,Tullaroop,Hood,4,C,2,2 to 3,Nil,#N/A,0,9/01/2018,2,0,
Loddon,Tullaroop,Hood,3,W,-1, -1 to 0,Nil,#N/A,0,9/01/2018,2,0,
Loddon,Tullaroop,Hood,3,A,0,0 to 1,Nil,#N/A,0,9/01/2018,2,0,
Loddon,Tullaroop,Hood,3,B,1,1 to 2,Nil,#N/A,0,9/01/2018,2,0,
Loddon,Tullaroop,Hood,3,C,2,2 to 3,Nil,#N/A,0,9/01/2018,2,0,
Loddon,Tullaroop,Hood,2,W,-1, -1 to 0,Nil,#N/A,0,9/01/2018,2,0,
Loddon,Tullaroop,Hood,2,A,0,0 to 1,Nil,#N/A,0,9/01/2018,2,0,
Loddon,Tullaroop,Hood,2,B,1,1 to 2,Nil,#N/A,0,9/01/2018,2,0,
Loddon,Tullaroop,Hood,1,W,-1, -1 to 0,Nil,#N/A,0,9/01/2018,2,0,
Loddon,Tullaroop,Hood,1,A,0,0 to 1,Lachnagrostis filiformis s.l.,native,1,9/01/2018,2,0,
Loddon,Tullaroop,Hood,1,B,1,1 to 2,Nil,#N/A,0,9/01/2018,2,0,
Loddon,Tullaroop,Hood,1,C,2,2 to 3,Nil,#N/A,0,9/01/2018,2,0,
Loddon,Tullaroop,Hood,1,D,3,3 to 4,Nil,#N/A,0,9/01/2018,2,0,
Loddon,Tullaroop,Hood,1,E,4,4 to 5,Nil,#N/A,0,9/01/2018,2,0,
Loddon,Tullaroop,Hood,1,F,5,5 to 6,Persicaria prostrata,native,1,9/01/2018,2,0,
Loddon,Tullaroop,Hood,1,G,6,6 to 7,Nil,#N/A,0,9/01/2018,2,0,
Loddon,Tullaroop,Hood,1,H,7,7 to 8,Nil,#N/A,0,9/01/2018,2,0,
Loddon,Tullaroop,Hood,1,I,8,8 to 9,Nil,#N/A,0,9/01/2018,2,0,
Loddon,Tullaroop,Hood,1,J,9,9 to 10,Nil,#N/A,0,9/01/2018,2,0,
Loddon,Tullaroop,Mullins,1,W,-1, -1 to 0,Nil,#N/A,0,9/01/2018,2,0,
Loddon,Tullaroop,Mullins,1,A,0,0 to 1,Nil,#N/A,0,9/01/2018,2,0,
Loddon,Tullaroop,Mullins,1,B,1,1 to 2,Nil,#N/A,0,9/01/2018,2,0,
Loddon,Tullaroop,Mullins,1,C,2,2 to 3,Nil,#N/A,0,9/01/2018,2,0,
Loddon,Tullaroop,Mullins,1,D,3,3 to 4,Nil,#N/A,0,9/01/2018,2,0,
Loddon,Tullaroop,Mullins,2,W,-1, -1 to 0,Cirsium vulgare,exotic,1,9/01/2018,2,0,
Loddon,Tullaroop,Mullins,2,W,-1, -1 to 0,Sonchus oleraceus,exotic,1,9/01/2018,2,0,
Loddon,Tullaroop,Mullins,2,W,-1, -1 to 0,Cycnogeton procerum,native,1,9/01/2018,2,0,
Loddon,Tullaroop,Mullins,2,A,0,0 to 1,Nil,#N/A,0,9/01/2018,2,0,
Loddon,Tullaroop,Mullins,2,B,1,1 to 2,Nil,#N/A,0,9/01/2018,2,0,
Loddon,Tullaroop,Mullins,2,C,2,2 to 3,Nil,#N/A,0,9/01/2018,2,0,
Loddon,Tullaroop,Mullins,3,W,-1, -1 to 0,Cycnogeton procerum,native,4,9/01/2018,2,0,
Loddon,Tullaroop,Mullins,3,W,-1, -1 to 0,Lachnagrostis filiformis s.l.,native,10_50,9/01/2018,2,0,
Loddon,Tullaroop,Mullins,3,W,-1, -1 to 0,Sonchus oleraceus,exotic,1,9/01/2018,2,0,
Loddon,Tullaroop,Mullins,3,W,-1, -1 to 0,Lythrum hyssopifolia,native,2,9/01/2018,2,0,
Loddon,Tullaroop,Mullins,3,A,0,0 to 1,Lachnagrostis filiformis s.l.,native,10_50,9/01/2018,2,0,
Loddon,Tullaroop,Mullins,3,A,0,0 to 1,Lythrum hyssopifolia,native,9,9/01/2018,2,0,
Loddon,Tullaroop,Mullins,3,B,1,1 to 2,Nil,#N/A,0,9/01/2018,2,0,
Loddon,Tullaroop,Mullins,3,C,2,2 to 3,Cirsium vulgare,exotic,1,9/01/2018,2,0,
Loddon,Tullaroop,Mullins,3,D,3,3 to 4,Nil,NA,0,9/01/2018,2,0,
Loddon,Tullaroop,Mullins,4,W,-1, -1 to 0,Sonchus oleraceus,exotic,10_50,9/01/2018,2,0,
Loddon,Tullaroop,Mullins,4,W,-1, -1 to 0,Cycnogeton procerum,native,1,9/01/2018,2,0,
Loddon,Tullaroop,Mullins,4,W,-1, -1 to 0,Sonchus oleraceus,exotic,1,9/01/2018,2,0,
Loddon,Tullaroop,Mullins,4,A,0,0 to 1,Nil,NA,0,9/01/2018,2,0,
Loddon,Tullaroop,Mullins,4,B,1,1 to 2,Nil,NA,0,9/01/2018,2,0,
Loddon,Tullaroop,Mullins,4,C,2,2 to 3,Nil,NA,0,9/01/2018,2,0,
Loddon,Tullaroop,Mullins,4,D,3,3 to 4,Nil,NA,0,9/01/2018,2,0,
Loddon,Tullaroop,Mullins,5,W,-1, -1 to 0,Lachnagrostis filiformis s.l.,native,10_50,9/01/2018,2,0,
Loddon,Tullaroop,Mullins,5,A,0,0 to 1,Lachnagrostis filiformis s.l.,native,10_50,9/01/2018,2,0,
Loddon,Tullaroop,Mullins,5,B,1,1 to 2,Nil,NA,0,9/01/2018,2,0,
Loddon,Tullaroop,Mullins,5,C,2,2 to 3,Nil,NA,0,9/01/2018,2,0,
Loddon,Tullaroop,Mullins,6,W,-1, -1 to 0,Nil,NA,0,9/01/2018,2,0,
Loddon,Tullaroop,Mullins,6,A,0,0 to 1,Nil,NA,0,9/01/2018,2,0,
Loddon,Tullaroop,Mullins,6,B,1,1 to 2,Nil,NA,0,9/01/2018,2,0,
Loddon,Tullaroop,Mullins,7,W,-1, -1 to 0,Nil,NA,0,9/01/2018,2,0,
Loddon,Tullaroop,Mullins,7,A,0,0 to 1,Nil,NA,0,9/01/2018,2,0,
Loddon,Tullaroop,Mullins,7,B,1,1 to 2,Nil,NA,0,9/01/2018,2,0,
Loddon,Tullaroop,Mullins,8,W,-1, -1 to 0,Lachnagrostis filiformis s.l.,native,8,9/01/2018,2,0,
Loddon,Tullaroop,Mullins,8,A,0,0 to 1,Nil,NA,0,9/01/2018,2,0,
Loddon,Tullaroop,Mullins,8,B,1,1 to 2,Cirsium vulgare,exotic,2,9/01/2018,2,0,
Loddon,Tullaroop,Mullins,8,C,2,2 to 3,Nil,NA,0,9/01/2018,2,0,
Loddon,Tullaroop,Mullins,8,D,3,3 to 4,Nil,NA,0,9/01/2018,2,0,
Loddon,Tullaroop,Mullins,9,W,-1, -1 to 0,Lachnagrostis filiformis s.l.,native,10_50,9/01/2018,2,0,
Loddon,Tullaroop,Mullins,9,W,-1, -1 to 0,Sonchus oleraceus,exotic,1,9/01/2018,2,0,
Loddon,Tullaroop,Mullins,9,A,0,0 to 1,Nil,NA,0,9/01/2018,2,0,
Loddon,Tullaroop,Mullins,9,B,1,1 to 2,Cirsium vulgare,exotic,2,9/01/2018,2,0,
Loddon,Tullaroop,Mullins,9,C,2,2 to 3,Nil,NA,0,9/01/2018,2,0,
Loddon,Tullaroop,Mullins,9,D,3,3 to 4,Nil,NA,0,9/01/2018,2,0,
Loddon,Tullaroop,Mullins,10,W,-1, -1 to 0,Lachnagrostis filiformis s.l.,native,10_50,9/01/2018,2,0,
Loddon,Tullaroop,Mullins,10,A,0,0 to 1,Lachnagrostis filiformis s.l.,native,7,9/01/2018,2,0,
Loddon,Tullaroop,Mullins,10,A,0,0 to 1,Cirsium vulgare,exotic,1,9/01/2018,2,0,
Loddon,Tullaroop,Mullins,10,B,1,1 to 2,Nil,NA,0,9/01/2018,2,0,
Loddon,Tullaroop,Mullins,10,C,2,2 to 3,Nil,NA,0,9/01/2018,2,0,
Loddon,TwelveMile,TwelveMileCanaryIsland,5,W,-1, -1 to 0,Cirsium vulgare,exotic,1,9/01/2018,2,0,
Loddon,TwelveMile,TwelveMileCanaryIsland,5,W,-1, -1 to 0,Alternanthera denticulata,native,2,9/01/2018,2,0,
Loddon,TwelveMile,TwelveMileCanaryIsland,5,A,0,0 to 1,Mentha pulegium,exotic,3,9/01/2018,2,0,
Loddon,TwelveMile,TwelveMileCanaryIsland,5,A,0,0 to 1,Centipeda cunninghamii,native,2,9/01/2018,2,0,
Loddon,TwelveMile,TwelveMileCanaryIsland,5,A,0,0 to 1,Cyperus eragrostis,exotic,10_50,9/01/2018,2,0,
Loddon,TwelveMile,TwelveMileCanaryIsland,5,B,1,1 to 2,Cardamine moirensis,native,1,9/01/2018,2,0,not in species master
Loddon,TwelveMile,TwelveMileCanaryIsland,5,B,1,1 to 2,Centipeda cunninghamii,native,10_50,9/01/2018,2,0,
Loddon,TwelveMile,TwelveMileCanaryIsland,5,C,2,2 to 3,Rumex spp.,native,1,9/01/2018,2,0,
Loddon,TwelveMile,TwelveMileCanaryIsland,5,C,2,2 to 3,Brassica spp.,exotic,1,9/01/2018,2,0,
Loddon,TwelveMile,TwelveMileCanaryIsland,5,D,3,3 to 4,Nil,NA,0,9/01/2018,2,0,
Loddon,TwelveMile,TwelveMileCanaryIsland,4,W,-1, -1 to 0,Cyperus eragrostis,exotic,10_50,9/01/2018,2,0,
Loddon,TwelveMile,TwelveMileCanaryIsland,4,W,-1, -1 to 0,Alternanthera denticulata,native,10_50,9/01/2018,2,0,
Loddon,TwelveMile,TwelveMileCanaryIsland,4,A,0,0 to 1,Alternanthera denticulata,,10_50,9/01/2018,2,0,
Loddon,TwelveMile,TwelveMileCanaryIsland,4,B,1,1 to 2,Alternanthera denticulata,native,7,9/01/2018,2,0,
Loddon,TwelveMile,TwelveMileCanaryIsland,4,B,1,1 to 2,Rumex tenax,native,1,9/01/2018,2,0,
Loddon,TwelveMile,TwelveMileCanaryIsland,4,C,2,2 to 3,Rumex tenax,native,1,9/01/2018,2,0,
Loddon,TwelveMile,TwelveMileCanaryIsland,4,C,2,2 to 3,Alternanthera denticulata,native,2,9/01/2018,2,0,
Loddon,TwelveMile,TwelveMileCanaryIsland,3,W,-1, -1 to 0,Alternanthera denticulata,native,10_50,9/01/2018,2,0,
Loddon,TwelveMile,TwelveMileCanaryIsland,3,W,-1, -1 to 0,Sonchus oleraceus,exotic,1,9/01/2018,2,0,
Loddon,TwelveMile,TwelveMileCanaryIsland,3,W,-1, -1 to 0,Centipeda cunninghamii,native,2,9/01/2018,2,0,
Loddon,TwelveMile,TwelveMileCanaryIsland,3,A,0,0 to 1,Cyperus eragrostis,exotic,50_100,9/01/2018,2,0,
Loddon,TwelveMile,TwelveMileCanaryIsland,3,A,0,0 to 1,Alternanthera denticulata,native,10_50,9/01/2018,2,0,
Loddon,TwelveMile,TwelveMileCanaryIsland,3,B,1,1 to 2,Cyperus eragrostis,exotic,100+,9/01/2018,2,0,
Loddon,TwelveMile,TwelveMileCanaryIsland,3,B,1,1 to 2,Centipeda cunninghamii,native,10_50,9/01/2018,2,0,
Loddon,TwelveMile,TwelveMileCanaryIsland,3,B,1,1 to 2,Alternanthera denticulata,native,10_50,9/01/2018,2,0,
Loddon,TwelveMile,TwelveMileCanaryIsland,3,C,2,2 to 3,Alternanthera denticulata,native,10_50,9/01/2018,2,0,
Loddon,TwelveMile,TwelveMileCanaryIsland,3,C,2,2 to 3,Cyperus eragrostis,exotic,10_50,9/01/2018,2,0,
Loddon,TwelveMile,TwelveMileCanaryIsland,3,C,2,2 to 3,Centipeda cunninghamii,native,2,9/01/2018,2,0,
Loddon,TwelveMile,TwelveMileCanaryIsland,3,D,3,3 to 4,Rumex tenax,native,1,9/01/2018,2,0,
Loddon,TwelveMile,TwelveMileCanaryIsland,3,D,3,3 to 4,Alternanthera denticulata,native,8,9/01/2018,2,0,
Loddon,TwelveMile,TwelveMileCanaryIsland,3,E,4,4 to 5,Alternanthera denticulata,native,10_50,9/01/2018,2,0,
Loddon,TwelveMile,TwelveMileCanaryIsland,3,E,4,4 to 5,Rumex tenax,native,2,9/01/2018,2,0,
Loddon,TwelveMile,TwelveMileCanaryIsland,3,F,5,5 to 6,Nil,NA,0,9/01/2018,2,0,
Loddon,TwelveMile,TwelveMileCanaryIsland,2,W,-1, -1 to 0,Cirsium vulgare,exotic,2,9/01/2018,2,0,
Loddon,TwelveMile,TwelveMileCanaryIsland,2,W,-1, -1 to 0,Cyperus eragrostis,exotic,10_50,9/01/2018,2,0,
Loddon,TwelveMile,TwelveMileCanaryIsland,2,W,-1, -1 to 0,Alternanthera denticulata,native,7,9/01/2018,2,0,
Loddon,TwelveMile,TwelveMileCanaryIsland,2,A,0,0 to 1,Nil,NA,0,9/01/2018,2,0,
Loddon,TwelveMile,TwelveMileCanaryIsland,2,B,1,1 to 2,Nil,NA,0,9/01/2018,2,0,
Loddon,TwelveMile,TwelveMileCanaryIsland,2,C,2,2 to 3,Nil,NA,0,9/01/2018,2,0,
Loddon,TwelveMile,TwelveMileCanaryIsland,2,D,3,3 to 4,Nil,NA,0,9/01/2018,2,0,
Loddon,TwelveMile,TwelveMileCanaryIsland,1,E,4,4 to 5,Nil,NA,0,9/01/2018,2,0,
Loddon,TwelveMile,TwelveMileCanaryIsland,1,W,-1, -1 to 0,Alternanthera denticulata,native,3,9/01/2018,2,0,
Loddon,TwelveMile,TwelveMileCanaryIsland,1,A,0,0 to 1,Nil,NA,0,9/01/2018,2,0,
Loddon,TwelveMile,TwelveMileCanaryIsland,1,B,1,1 to 2,Nil,NA,0,9/01/2018,2,0,
Loddon,TwelveMile,TwelveMileCanaryIsland,1,C,2,2 to 3,Nil,NA,0,9/01/2018,2,0,
Loddon,Loddon,LoddonCanaryIsland,5,W,-1, -1 to 0,Alternanthera denticulata,native,10_50,9/01/2018,2,0,
Loddon,Loddon,LoddonCanaryIsland,5,A,0,0 to 1,Nil,NA,0,9/01/2018,2,0,
Loddon,Loddon,LoddonCanaryIsland,5,B,1,1 to 2,Nil,NA,0,9/01/2018,2,0,
Loddon,Loddon,LoddonCanaryIsland,5,C,2,2 to 3,Lactuca serriola,exotic,10_50,9/01/2018,2,0,
Loddon,Loddon,LoddonCanaryIsland,5,D,3,3 to 4,Lactuca serriola,exotic,4,9/01/2018,2,0,
Loddon,Loddon,LoddonCanaryIsland,5,E,4,4 to 5,Nil,NA,0,9/01/2018,2,0,
Loddon,Loddon,LoddonCanaryIsland,4,W,-1, -1 to 0,Centipeda cunninghamii,native,1,9/01/2018,2,0,
Loddon,Loddon,LoddonCanaryIsland,4,W,-1, -1 to 0,Alternanthera denticulata,native,3,9/01/2018,2,0,
Loddon,Loddon,LoddonCanaryIsland,4,A,0,0 to 1,Nil,NA,0,9/01/2018,2,0,
Loddon,Loddon,LoddonCanaryIsland,4,B,1,1 to 2,Nil,NA,0,9/01/2018,2,0,
Loddon,Loddon,LoddonCanaryIsland,4,C,2,2 to 3,Lactuca serriola,exotic,10_50,9/01/2018,2,0,
Loddon,Loddon,LoddonCanaryIsland,4,C,2,2 to 3,Cirsium vulgare,exotic,1,9/01/2018,2,0,
Loddon,Loddon,LoddonCanaryIsland,4,C,2,2 to 3,Helminthotheca echioides,exotic,2,9/01/2018,2,0,
Loddon,Loddon,LoddonCanaryIsland,4,D,3,3 to 4,Nil,NA,0,9/01/2018,2,0,
Loddon,Loddon,LoddonCanaryIsland,3,W,-1, -1 to 0,Alternanthera denticulata,native,6,9/01/2018,2,0,
Loddon,Loddon,LoddonCanaryIsland,3,W,-1, -1 to 0,Monocot,Unknown,1,9/01/2018,2,0,
Loddon,Loddon,LoddonCanaryIsland,3,A,0,0 to 1,Nil,NA,0,9/01/2018,2,0,
Loddon,Loddon,LoddonCanaryIsland,3,B,1,1 to 2,Nil,NA,0,9/01/2018,2,0,
Loddon,Loddon,LoddonCanaryIsland,3,C,2,2 to 3,Helminthotheca echioides,exotic,5,9/01/2018,2,0,
Loddon,Loddon,LoddonCanaryIsland,3,D,3,3 to 4,Helminthotheca echioides,exotic,1,9/01/2018,2,0,
Loddon,Loddon,LoddonCanaryIsland,3,D,3,3 to 4,Lactuca serriola,exotic,2,9/01/2018,2,0,
Loddon,Loddon,LoddonCanaryIsland,2,W,-1, -1 to 0,Alternanthera denticulata,native,5,9/01/2018,2,0,
Loddon,Loddon,LoddonCanaryIsland,2,A,0,0 to 1,Nil,NA,0,9/01/2018,2,0,
Loddon,Loddon,LoddonCanaryIsland,2,B,1,1 to 2,Helminthotheca echioides,exotic,10_50,9/01/2018,2,0,
Loddon,Loddon,LoddonCanaryIsland,2,B,1,1 to 2,Cirsium vulgare,exotic,1,9/01/2018,2,0,
Loddon,Loddon,LoddonCanaryIsland,2,C,2,2 to 3,Lactuca serriola,exotic,1,9/01/2018,2,0,
Loddon,Loddon,LoddonCanaryIsland,2,C,2,2 to 3,Helminthotheca echioides,exotic,5,9/01/2018,2,0,
Loddon,Loddon,LoddonCanaryIsland,2,D,3,3 to 4,Helminthotheca echioides,exotic,10_50,9/01/2018,2,0,
Loddon,Loddon,LoddonCanaryIsland,2,D,3,3 to 4,Cirsium vulgare,exotic,1,9/01/2018,2,0,
Loddon,Loddon,LoddonCanaryIsland,2,D,3,3 to 4,Lactuca serriola,exotic,2,9/01/2018,2,0,
Loddon,Loddon,LoddonCanaryIsland,1,W,-1, -1 to 0,Monocot,Unknown,1,9/01/2018,2,0,
Loddon,Loddon,LoddonCanaryIsland,1,W,-1, -1 to 0,Eucalyptus camaldulensis subsp. camaldulensis,native,1,9/01/2018,2,0,
Loddon,Loddon,LoddonCanaryIsland,1,W,-1, -1 to 0,Alternanthera denticulata,native,5,9/01/2018,2,0,
Loddon,Loddon,LoddonCanaryIsland,1,W,-1, -1 to 0,Sonchus oleraceus,exotic,2,9/01/2018,2,0,
Loddon,Loddon,LoddonCanaryIsland,1,A,0,0 to 1,Nil,NA,0,9/01/2018,2,0,
Loddon,Loddon,LoddonCanaryIsland,1,B,1,1 to 2,Sonchus asper s.l.,exotic,1,9/01/2018,2,0,
Loddon,Loddon,LoddonCanaryIsland,1,B,1,1 to 2,Helminthotheca echioides,exotic,2,9/01/2018,2,0,
Loddon,Loddon,LoddonCanaryIsland,1,C,2,2 to 3,Helminthotheca echioides,exotic,3,9/01/2018,2,0,
Loddon,Loddon,LoddonCanaryIsland,1,D,3,3 to 4,Helminthotheca echioides,exotic,2,9/01/2018,2,0,
Loddon,Loddon,LoddonCanaryIsland,1,D,3,3 to 4,Lactuca serriola,exotic,1,9/01/2018,2,0,
Loddon,Loddon,Caldwells,1,W,-1, -1 to 0,Alternanthera denticulata,native,1,9/01/2018,2,0,
Loddon,Loddon,Caldwells,1,A,0,0 to 1,Cirsium vulgare,exotic,1,9/01/2018,2,0,
Loddon,Loddon,Caldwells,1,B,1,1 to 2,Nil,NA,0,9/01/2018,2,0,
Loddon,Loddon,Caldwells,2,W,-1, -1 to 0,Alternanthera denticulata,native,4,9/01/2018,2,0,
Loddon,Loddon,Caldwells,2,W,-1, -1 to 0,Cyperus eragrostis,exotic,10_50,9/01/2018,2,0,
Loddon,Loddon,Caldwells,2,A,0,0 to 1,Centipeda cunninghamii,native,3,9/01/2018,2,0,
Loddon,Loddon,Caldwells,2,B,1,1 to 2,Sonchus asper s.l.,exotic,1,9/01/2018,2,0,
Loddon,Loddon,Caldwells,2,C,2,2 to 3,Nil,NA,0,9/01/2018,2,0,
Loddon,Loddon,Caldwells,2,D,3,3 to 4,Nil,NA,0,9/01/2018,2,0,
Loddon,Loddon,Caldwells,2,E,4,4 to 5,Nil,NA,0,9/01/2018,2,0,
Loddon,Loddon,Caldwells,3,W,-1, -1 to 0,Walwhalleya proluta,native,3,9/01/2018,2,0,
Loddon,Loddon,Caldwells,3,W,-1, -1 to 0,Alternanthera denticulata,native,4,9/01/2018,2,0,
Loddon,Loddon,Caldwells,3,A,0,0 to 1,Nil,NA,0,9/01/2018,2,0,
Loddon,Loddon,Caldwells,3,B,1,1 to 2,Nil,NA,0,9/01/2018,2,0,
Loddon,Loddon,Caldwells,3,C,2,2 to 3,Helminthotheca echioides,exotic,2,9/01/2018,2,0,
Loddon,Loddon,Caldwells,4,W,-1, -1 to 0,Nil,NA,0,9/01/2018,2,0,
Loddon,Loddon,Caldwells,4,A,0,0 to 1,Nil,NA,0,9/01/2018,2,0,
Loddon,Loddon,Caldwells,4,B,1,1 to 2,Nil,NA,0,9/01/2018,2,0,
Loddon,Loddon,Caldwells,4,C,2,2 to 3,Nil,NA,0,9/01/2018,2,0,
Loddon,Loddon,Caldwells,5,W,-1, -1 to 0,Alternanthera denticulata,native,3,9/01/2018,2,0,
Loddon,Loddon,Caldwells,5,A,0,0 to 1,Sonchus asper s.l.,exotic,1,9/01/2018,2,0,
Loddon,Loddon,Caldwells,5,B,1,1 to 2,Nil,NA,0,9/01/2018,2,0,
Loddon,Loddon,Caldwells,5,C,2,2 to 3,Nil,NA,0,9/01/2018,2,0,
Loddon,TwelveMile,Frosts,4,W,-1, -1 to 0,Cyperus eragrostis,exotic,2,9/01/2018,2,0,
Loddon,TwelveMile,Frosts,4,W,-1, -1 to 0,Cycnogeton procerum,native,6,9/01/2018,2,0,
Loddon,TwelveMile,Frosts,4,A,0,0 to 1,Nil,NA,0,9/01/2018,2,0,
Loddon,TwelveMile,Frosts,4,B,1,1 to 2,Nil,NA,0,9/01/2018,2,0,
Loddon,TwelveMile,Frosts,3,W,-1, -1 to 0,Alternanthera denticulata,native,2,9/01/2018,2,0,
Loddon,TwelveMile,Frosts,3,W,-1, -1 to 0,Cyperus eragrostis,exotic,2,9/01/2018,2,0,
Loddon,TwelveMile,Frosts,3,A,0,0 to 1,Sonchus asper s.l.,exotic,1,9/01/2018,2,0,
Loddon,TwelveMile,Frosts,3,B,1,1 to 2,Nil,NA,0,9/01/2018,2,0,
Loddon,TwelveMile,Frosts,2,W,-1, -1 to 0,Nil,NA,0,9/01/2018,2,0,
Loddon,TwelveMile,Frosts,2,A,0,0 to 1,Nil,NA,0,9/01/2018,2,0,
Loddon,TwelveMile,Frosts,2,B,1,1 to 2,Nil,NA,0,9/01/2018,2,0,
Loddon,TwelveMile,Frosts,1,W,-1, -1 to 0,Nil,NA,0,9/01/2018,2,0,
Loddon,TwelveMile,Frosts,1,A,0,0 to 1,Nil,NA,0,9/01/2018,2,0,
Loddon,TwelveMile,Frosts,1,B,1,1 to 2,Nil,NA,0,9/01/2018,2,0,
Loddon,TwelveMile,Frosts,1,C,2,2 to 3,Helminthotheca echioides,exotic,10_50,9/01/2018,2,0,
Loddon,TwelveMile,Frosts,1,C,2,2 to 3,Cirsium vulgare,exotic,1_5,9/01/2018,2,0,"Chris - check book is this a typo, should be 10_50? Or actually 1_5"
Loddon,TwelveMile,Frosts,5,W,-1, -1 to 0,Nil,NA,0,9/01/2018,2,0,
Loddon,TwelveMile,Frosts,5,A,0,0 to 1,Nil,NA,0,9/01/2018,2,0,
Loddon,TwelveMile,Frosts,5,B,1,1 to 2,Nil,NA,0,9/01/2018,2,0,
Loddon,TwelveMile,Frosts,5,C,2,2 to 3,Nil,NA,0,9/01/2018,2,0,
Loddon,Tullaroop,Hood,10,W,-1, -1 to 0,Nil,NA,0,16/05/2018,3,0,
Loddon,Tullaroop,Hood,10,A,0,0 to 1,Monocot,Unknown,3,16/05/2018,3,0,
Loddon,Tullaroop,Hood,10,A,0,0 to 1,Dicot,Unknown,1,16/05/2018,3,0,
Loddon,Tullaroop,Hood,10,B,1,1 to 2,Nil,NA,0,16/05/2018,3,0,
Loddon,Tullaroop,Hood,10,C,2,2 to 3,Dicot,Unknown,1,16/05/2018,3,0,
Loddon,Tullaroop,Hood,10,D,3,3 to 4,Nil,NA,0,16/05/2018,3,0,
Loddon,Tullaroop,Hood,9,W,-1, -1 to 0,Dicot,Unknown,3,16/05/2018,3,0,
Loddon,Tullaroop,Hood,9,A,0,0 to 1,Dicot,Unknown,6,16/05/2018,3,0,
Loddon,Tullaroop,Hood,9,B,1,1 to 2,Nil,NA,0,16/05/2018,3,0,
Loddon,Tullaroop,Hood,9,C,2,2 to 3,Nil,NA,0,16/05/2018,3,0,
Loddon,Tullaroop,Hood,8,W,-1, -1 to 0,Galium aparine,exotic,3,16/05/2018,3,0,
Loddon,Tullaroop,Hood,8,W,-1, -1 to 0,Monocot,Unknown,10_50,16/05/2018,3,0,
Loddon,Tullaroop,Hood,8,A,0,0 to 1,Cirsium vulgare,exotic,8,16/05/2018,3,0,
Loddon,Tullaroop,Hood,8,A,0,0 to 1,Eucalyptus camaldulensis subsp. camaldulensis,native,3,16/05/2018,3,0,
Loddon,Tullaroop,Hood,8,A,0,0 to 1,Monocot,Unknown,10_50,16/05/2018,3,0,
Loddon,Tullaroop,Hood,8,B,1,1 to 2,Monocot,Unknown,10_50,16/05/2018,3,0,
Loddon,Tullaroop,Hood,8,B,1,1 to 2,Cirsium vulgare,exotic,8,16/05/2018,3,0,
Loddon,Tullaroop,Hood,8,C,2,2 to 3,Dicot,Unknown,6,16/05/2018,3,0,
Loddon,Tullaroop,Hood,8,C,2,2 to 3,Monocot,Unknown,10_50,16/05/2018,3,0,
Loddon,Tullaroop,Hood,7,W,-1, -1 to 0,Nil,NA,0,16/05/2018,3,0,
Loddon,Tullaroop,Hood,7,A,0,0 to 1,Dicot,Unknown,2,16/05/2018,3,0,
Loddon,Tullaroop,Hood,7,A,0,0 to 1,Monocot,Unknown,3,16/05/2018,3,0,
Loddon,Tullaroop,Hood,7,B,1,1 to 2,Galium aparine,exotic,5,16/05/2018,3,0,
Loddon,Tullaroop,Hood,7,B,1,1 to 2,Cirsium vulgare,exotic,10_50,16/05/2018,3,0,
Loddon,Tullaroop,Hood,7,C,2,2 to 3,Cirsium vulgare,exotic,10_50,16/05/2018,3,0,
Loddon,Tullaroop,Hood,7,C,2,2 to 3,Epilobium billardierianum subsp. billardierianum,native,2,16/05/2018,3,0,
Loddon,Tullaroop,Hood,7,C,2,2 to 3,Rumex crispus,exotic,2,16/05/2018,3,0,
Loddon,Tullaroop,Hood,7,C,2,2 to 3,Monocot,Unknown,10_50,16/05/2018,3,0,
Loddon,Tullaroop,Hood,7,C,2,2 to 3,Solanum nigrum,exotic,1,16/05/2018,3,0,
Loddon,Tullaroop,Hood,6,W,-1, -1 to 0,Monocot,Unknown,4,16/05/2018,3,0,No in-stream vegetation
Loddon,Tullaroop,Hood,6,A,0,0 to 1,Monocot,Unknown,4,16/05/2018,3,0,
Loddon,Tullaroop,Hood,6,A,0,0 to 1,Galium aparine,exotic,2,16/05/2018,3,0,
Loddon,Tullaroop,Hood,6,A,0,0 to 1,Cirsium vulgare,exotic,1,16/05/2018,3,0,
Loddon,Tullaroop,Hood,6,B,1,1 to 2,Galium aparine,exotic,5,16/05/2018,3,0,
Loddon,Tullaroop,Hood,6,B,1,1 to 2,Monocot,Unknown,10_50,16/05/2018,3,0,
Loddon,Tullaroop,Hood,5,W,-1, -1 to 0,Eucalyptus camaldulensis subsp. camaldulensis,native,2,16/05/2018,3,0,No in-stream vegetation
Loddon,Tullaroop,Hood,5,A,0,0 to 1,Nil,NA,0,16/05/2018,3,0,
Loddon,Tullaroop,Hood,5,B,1,1 to 2,Nil,NA,0,16/05/2018,3,0,
Loddon,Tullaroop,Hood,5,C,2,2 to 3,Nil,NA,0,16/05/2018,3,0,
Loddon,Tullaroop,Hood,5,D,3,3 to 4,Galium aparine,exotic,2,16/05/2018,3,0,
Loddon,Tullaroop,Hood,5,D,3,3 to 4,Monocot,Unknown,10_50,16/05/2018,3,0,
Loddon,Tullaroop,Hood,4,W,-1, -1 to 0,Dicot,Unknown,1,16/05/2018,3,0,
Loddon,Tullaroop,Hood,4,A,0,0 to 1,Cirsium vulgare,exotic,2,16/05/2018,3,0,
Loddon,Tullaroop,Hood,4,A,0,0 to 1,Eucalyptus camaldulensis subsp. camaldulensis,native,2,16/05/2018,3,0,
Loddon,Tullaroop,Hood,4,B,1,1 to 2,Plantago lanceolata,exotic,1,16/05/2018,3,0,
Loddon,Tullaroop,Hood,4,B,1,1 to 2,Acacia spp.,native,1,16/05/2018,3,0,
Loddon,Tullaroop,Hood,4,B,1,1 to 2,Monocot,Unknown,2,16/05/2018,3,0,
Loddon,Tullaroop,Hood,4,C,2,2 to 3,Nil,NA,0,16/05/2018,3,0,
Loddon,Tullaroop,Hood,3,W,-1, -1 to 0,Nil,NA,0,16/05/2018,3,0,
Loddon,Tullaroop,Hood,3,A,0,0 to 1,Eucalyptus camaldulensis subsp. camaldulensis,native,1,16/05/2018,3,0,
Loddon,Tullaroop,Hood,3,A,0,0 to 1,Galium aparine,exotic,1,16/05/2018,3,0,
Loddon,Tullaroop,Hood,3,B,1,1 to 2,Galium aparine,exotic,2,16/05/2018,3,0,
Loddon,Tullaroop,Hood,3,B,1,1 to 2,Hypochaeris radicata,exotic,5,16/05/2018,3,0,
Loddon,Tullaroop,Hood,3,C,2,2 to 3,Hypochaeris radicata,exotic,10_50,16/05/2018,3,0,
Loddon,Tullaroop,Hood,3,C,2,2 to 3,Cirsium vulgare,exotic,4,16/05/2018,3,0,
Loddon,Tullaroop,Hood,2,W,-1, -1 to 0,Nil,NA,0,16/05/2018,3,0,
Loddon,Tullaroop,Hood,2,A,0,0 to 1,Nil,NA,0,16/05/2018,3,0,
Loddon,Tullaroop,Hood,2,B,1,1 to 2,Monocot,Unknown,3,16/05/2018,3,0,
Loddon,Tullaroop,Hood,1,W,-1, -1 to 0,Nil,NA,0,16/05/2018,3,0,
Loddon,Tullaroop,Hood,1,A,0,0 to 1,Monocot,Unknown,8,16/05/2018,3,0,
Loddon,Tullaroop,Hood,1,B,1,1 to 2,Monocot,Unknown,2,16/05/2018,3,0,
Loddon,Tullaroop,Hood,1,C,2,2 to 3,skipped,NA,NA,16/05/2018,3,0,
Loddon,Tullaroop,Hood,1,D,3,3 to 4,Nil,NA,0,16/05/2018,3,0,
Loddon,Tullaroop,Hood,1,E,4,4 to 5,skipped,NA,NA,16/05/2018,3,0,
Loddon,Tullaroop,Hood,1,F,5,5 to 6,Nil,NA,0,16/05/2018,3,0,
Loddon,Tullaroop,Hood,1,G,6,6 to 7,skipped,NA,NA,16/05/2018,3,0,
Loddon,Tullaroop,Hood,1,H,7,7 to 8,Monocot,Unknown,3,16/05/2018,3,0,
Loddon,Tullaroop,Hood,1,I,8,8 to 9,skipped,NA,NA,16/05/2018,3,0,
Loddon,Tullaroop,Hood,1,J,9,9 to 10,Lepidium draba,exotic,2,16/05/2018,3,0,not in species master
Loddon,Tullaroop,Hood,1,J,9,9 to 10,Cirsium vulgare,exotic,2,16/05/2018,3,0,
Loddon,Tullaroop,Mullins,1,W,-1, -1 to 0,Nil,NA,0,16/05/2018,3,0,
Loddon,Tullaroop,Mullins,1,A,0,0 to 1,Nil,NA,0,16/05/2018,3,0,
Loddon,Tullaroop,Mullins,1,B,1,1 to 2,Nil,NA,0,16/05/2018,3,0,
Loddon,Tullaroop,Mullins,1,C,2,2 to 3,Nil,NA,0,16/05/2018,3,0,
Loddon,Tullaroop,Mullins,1,D,3,3 to 4,Nil,NA,0,16/05/2018,3,0,
Loddon,Tullaroop,Mullins,2,W,-1, -1 to 0,Monocot,Unknown,8,16/05/2018,3,0,
Loddon,Tullaroop,Mullins,2,W,-1, -1 to 0,Cirsium vulgare,exotic,1,16/05/2018,3,0,
Loddon,Tullaroop,Mullins,2,W,-1, -1 to 0,Eucalyptus camaldulensis subsp. camaldulensis,native,1,16/05/2018,3,0,
Loddon,Tullaroop,Mullins,2,W,-1, -1 to 0,Rumex crispus,exotic,1,16/05/2018,3,0,
Loddon,Tullaroop,Mullins,2,A,0,0 to 1,Cirsium vulgare,exotic,10_50,16/05/2018,3,0,
Loddon,Tullaroop,Mullins,2,A,0,0 to 1,Monocot,Unknown,10_50,16/05/2018,3,0,
Loddon,Tullaroop,Mullins,2,B,1,1 to 2,Monocot,Unknown,10_50,16/05/2018,3,0,
Loddon,Tullaroop,Mullins,2,B,1,1 to 2,Cirsium vulgare,exotic,10_50,16/05/2018,3,0,
Loddon,Tullaroop,Mullins,2,C,2,2 to 3,Cirsium vulgare,exotic,6,16/05/2018,3,0,
Loddon,Tullaroop,Mullins,2,C,2,2 to 3,Monocot,Unknown,8,16/05/2018,3,0,
Loddon,Tullaroop,Mullins,3,W,-1, -1 to 0,Monocot,Unknown,7,16/05/2018,3,0,
Loddon,Tullaroop,Mullins,3,A,0,0 to 1,Monocot,Unknown,10_50,16/05/2018,3,0,
Loddon,Tullaroop,Mullins,3,A,0,0 to 1,Dicot,Unknown,5,16/05/2018,3,0,
Loddon,Tullaroop,Mullins,3,B,1,1 to 2,Monocot,Unknown,10_50,16/05/2018,3,0,
Loddon,Tullaroop,Mullins,3,B,1,1 to 2,Cirsium vulgare,exotic,8,16/05/2018,3,0,
Loddon,Tullaroop,Mullins,3,B,1,1 to 2,Sonchus oleraceus,exotic,1,16/05/2018,3,0,
Loddon,Tullaroop,Mullins,3,C,2,2 to 3,Monocot,Unknown,10_50,16/05/2018,3,0,
Loddon,Tullaroop,Mullins,3,C,2,2 to 3,Cirsium vulgare,exotic,3,16/05/2018,3,0,
Loddon,Tullaroop,Mullins,3,C,2,2 to 3,Dicot,Unknown,6,16/05/2018,3,0,
Loddon,Tullaroop,Mullins,3,D,3,3 to 4,Monocot,Unknown,10_50,16/05/2018,3,0,
Loddon,Tullaroop,Mullins,3,D,3,3 to 4,Cirsium vulgare,exotic,4,16/05/2018,3,0,
Loddon,Tullaroop,Mullins,4,W,-1, -1 to 0,Monocot,Unknown,10_50,16/05/2018,3,0,
Loddon,Tullaroop,Mullins,4,W,-1, -1 to 0,Dicot,Unknown,2,16/05/2018,3,0,
Loddon,Tullaroop,Mullins,4,A,0,0 to 1,Monocot,Unknown,10_50,16/05/2018,3,0,
Loddon,Tullaroop,Mullins,4,A,0,0 to 1,Dicot,Unknown,5,16/05/2018,3,0,
Loddon,Tullaroop,Mullins,4,B,1,1 to 2,Monocot,Unknown,10_50,16/05/2018,3,0,
Loddon,Tullaroop,Mullins,4,C,2,2 to 3,Monocot,Unknown,50_100,16/05/2018,3,0,
Loddon,Tullaroop,Mullins,4,C,2,2 to 3,Dicot,Unknown,3,16/05/2018,3,0,
Loddon,Tullaroop,Mullins,4,D,3,3 to 4,Monocot,Unknown,50_100,16/05/2018,3,0,
Loddon,Tullaroop,Mullins,4,D,3,3 to 4,Cirsium vulgare,exotic,6,16/05/2018,3,0,
Loddon,Tullaroop,Mullins,4,D,3,3 to 4,Sonchus oleraceus,exotic,2,16/05/2018,3,0,
Loddon,Tullaroop,Mullins,5,W,-1, -1 to 0,Monocot,Unknown,10_50,16/05/2018,3,0,
Loddon,Tullaroop,Mullins,5,W,-1, -1 to 0,Dicot,Unknown,5,16/05/2018,3,0,
Loddon,Tullaroop,Mullins,5,A,0,0 to 1,Monocot,Unknown,10_50,16/05/2018,3,0,
Loddon,Tullaroop,Mullins,5,A,0,0 to 1,Dicot,Unknown,4,16/05/2018,3,0,
Loddon,Tullaroop,Mullins,5,B,1,1 to 2,Dicot,Unknown,1,16/05/2018,3,0,
Loddon,Tullaroop,Mullins,5,B,1,1 to 2,Monocot,Unknown,10_50,16/05/2018,3,0,
Loddon,Tullaroop,Mullins,5,C,2,2 to 3,Monocot,Unknown,5,16/05/2018,3,0,
Loddon,Tullaroop,Mullins,5,C,2,2 to 3,Dicot,Unknown,3,16/05/2018,3,0,
Loddon,Tullaroop,Mullins,5,C,2,2 to 3,Cirsium vulgare,exotic,2,16/05/2018,3,0,
Loddon,Tullaroop,Mullins,7,W,-1, -1 to 0,Monocot,Unknown,2,16/05/2018,3,0,
Loddon,Tullaroop,Mullins,7,W,-1, -1 to 0,Dicot,Unknown,5,16/05/2018,3,0,
Loddon,Tullaroop,Mullins,7,A,0,0 to 1,Monocot,Unknown,6,16/05/2018,3,0,
Loddon,Tullaroop,Mullins,7,B,1,1 to 2,Monocot,Unknown,10_50,16/05/2018,3,0,
Loddon,Tullaroop,Mullins,7,B,1,1 to 2,Cirsium vulgare,exotic,4,16/05/2018,3,0,
Loddon,Tullaroop,Mullins,7,B,1,1 to 2,Hypochaeris radicata,exotic,2,16/05/2018,3,0,
Loddon,Tullaroop,Mullins,7,B,1,1 to 2,Rumex spp.,native,1,16/05/2018,3,0,
Loddon,Tullaroop,Mullins,8,W,-1, -1 to 0,Monocot,Unknown,10_50,16/05/2018,3,0,
Loddon,Tullaroop,Mullins,8,W,-1, -1 to 0,Dicot,Unknown,2,16/05/2018,3,0,
Loddon,Tullaroop,Mullins,8,A,0,0 to 1,Monocot,Unknown,10_50,16/05/2018,3,0,
Loddon,Tullaroop,Mullins,8,A,0,0 to 1,Dicot,Unknown,7,16/05/2018,3,0,
Loddon,Tullaroop,Mullins,8,B,1,1 to 2,Monocot,Unknown,10_50,16/05/2018,3,0,
Loddon,Tullaroop,Mullins,8,B,1,1 to 2,Dicot,Unknown,2,16/05/2018,3,0,
Loddon,Tullaroop,Mullins,8,C,2,2 to 3,Monocot,Unknown,10_50,16/05/2018,3,0,
Loddon,Tullaroop,Mullins,8,C,2,2 to 3,Dicot,Unknown,8,16/05/2018,3,0,
Loddon,Tullaroop,Mullins,8,D,3,3 to 4,Romulea rosea,exotic,10_50,16/05/2018,3,0,
Loddon,Tullaroop,Mullins,9,W,-1, -1 to 0,Monocot,Unknown,10_50,16/05/2018,3,0,
Loddon,Tullaroop,Mullins,9,A,0,0 to 1,Monocot,Unknown,2,16/05/2018,3,0,
Loddon,Tullaroop,Mullins,9,B,1,1 to 2,Cirsium vulgare,exotic,1,16/05/2018,3,0,
Loddon,Tullaroop,Mullins,9,B,1,1 to 2,Romulea rosea,exotic,4,16/05/2018,3,0,
Loddon,Tullaroop,Mullins,9,C,2,2 to 3,Monocot,Unknown,3,16/05/2018,3,0,
Loddon,Tullaroop,Mullins,10,W,-1, -1 to 0,Monocot,Unknown,10_50,16/05/2018,3,0,
Loddon,Tullaroop,Mullins,10,A,0,0 to 1,Monocot,Unknown,10_50,16/05/2018,3,0,
Loddon,Tullaroop,Mullins,10,A,0,0 to 1,Dicot,Unknown,5,16/05/2018,3,0,
Loddon,Tullaroop,Mullins,10,B,1,1 to 2,Monocot,Unknown,5,16/05/2018,3,0,
Loddon,Tullaroop,Mullins,10,C,2,2 to 3,Monocot,Unknown,7,16/05/2018,3,0,
Loddon,Tullaroop,Mullins,10,C,2,2 to 3,Dicot,Unknown,1,16/05/2018,3,0,
Loddon,Tullaroop,Mullins,10,C,2,2 to 3,Cirsium vulgare,exotic,1,16/05/2018,3,0,
Loddon,Tullaroop,Mullins,6,W,-1, -1 to 0,Nil,NA,0,16/05/2018,3,0,
Loddon,Tullaroop,Mullins,6,A,0,0 to 1,Monocot,Unknown,6,16/05/2018,3,0,
Loddon,Tullaroop,Mullins,6,B,1,1 to 2,Monocot,Unknown,4,16/05/2018,3,0,
Loddon,Tullaroop,Mullins,6,B,1,1 to 2,Rumex spp.,native,1,16/05/2018,3,0,
Loddon,Tullaroop,Mullins,6,B,1,1 to 2,Cirsium vulgare,exotic,5,16/05/2018,3,0,
Loddon,TwelveMile,TwelveMileCanaryIsland,5,W,-1, -1 to 0,Nil,NA,0,17/05/2018,3,0,
Loddon,TwelveMile,TwelveMileCanaryIsland,5,A,0,0 to 1,Monocot,Unknown,1,17/05/2018,3,0,
Loddon,TwelveMile,TwelveMileCanaryIsland,5,A,0,0 to 1,Cirsium vulgare,exotic,5,17/05/2018,3,0,
Loddon,TwelveMile,TwelveMileCanaryIsland,5,A,0,0 to 1,Dicot,Unknown,3,17/05/2018,3,0,
Loddon,TwelveMile,TwelveMileCanaryIsland,5,B,1,1 to 2,Dicot,Unknown,10_50,17/05/2018,3,0,
Loddon,TwelveMile,TwelveMileCanaryIsland,5,B,1,1 to 2,Monocot,Unknown,5,17/05/2018,3,0,
Loddon,TwelveMile,TwelveMileCanaryIsland,5,C,2,2 to 3,Dicot,Unknown,4,17/05/2018,3,0,
Loddon,TwelveMile,TwelveMileCanaryIsland,5,D,3,3 to 4,Nil,NA,0,17/05/2018,3,0,
Loddon,TwelveMile,TwelveMileCanaryIsland,4,W,-1, -1 to 0,Nil,NA,0,17/05/2018,3,0,
Loddon,TwelveMile,TwelveMileCanaryIsland,4,A,0,0 to 1,Lythrum hyssopifolia,native,1,17/05/2018,3,0,
Loddon,TwelveMile,TwelveMileCanaryIsland,4,A,0,0 to 1,Dicot,Unknown,1,17/05/2018,3,0,
Loddon,TwelveMile,TwelveMileCanaryIsland,4,B,1,1 to 2,Dicot,Unknown,1,17/05/2018,3,0,
Loddon,TwelveMile,TwelveMileCanaryIsland,4,C,2,2 to 3,Nil,NA,0,17/05/2018,3,0,
Loddon,TwelveMile,TwelveMileCanaryIsland,3,W,-1, -1 to 0,Nil,NA,0,17/05/2018,3,0,
Loddon,TwelveMile,TwelveMileCanaryIsland,3,A,0,0 to 1,Cirsium vulgare,exotic,2,17/05/2018,3,0,
Loddon,TwelveMile,TwelveMileCanaryIsland,3,B,1,1 to 2,Cyperus eragrostis,exotic,10_50,17/05/2018,3,0,
Loddon,TwelveMile,TwelveMileCanaryIsland,3,C,2,2 to 3,Sonchus oleraceus,exotic,1,17/05/2018,3,0,
Loddon,TwelveMile,TwelveMileCanaryIsland,3,C,2,2 to 3,Cyperus eragrostis,exotic,10_50,17/05/2018,3,0,
Loddon,TwelveMile,TwelveMileCanaryIsland,3,D,3,3 to 4,Cyperus eragrostis,exotic,3,17/05/2018,3,0,
Loddon,TwelveMile,TwelveMileCanaryIsland,3,E,4,4 to 5,Rumex tenax,native,4,17/05/2018,3,0,
Loddon,TwelveMile,TwelveMileCanaryIsland,3,F,5,5 to 6,Rumex tenax,native,5,17/05/2018,3,0,
Loddon,TwelveMile,TwelveMileCanaryIsland,2,W,-1, -1 to 0,Nil,NA,0,17/05/2018,3,0,
Loddon,TwelveMile,TwelveMileCanaryIsland,2,A,0,0 to 1,Nil,NA,0,17/05/2018,3,0,
Loddon,TwelveMile,TwelveMileCanaryIsland,2,B,1,1 to 2,Rumex tenax,native,5,17/05/2018,3,0,
Loddon,TwelveMile,TwelveMileCanaryIsland,2,C,2,2 to 3,Cardamine moirensis,native,1,17/05/2018,3,0,not in species master
Loddon,TwelveMile,TwelveMileCanaryIsland,2,D,3,3 to 4,Cardamine moirensis,native,2,17/05/2018,3,0,not in species master
Loddon,TwelveMile,TwelveMileCanaryIsland,2,E,4,4 to 5,Nil,NA,0,17/05/2018,3,0,
Loddon,TwelveMile,TwelveMileCanaryIsland,1,W,-1, -1 to 0,Dicot,Unknown,2,17/05/2018,3,0,
Loddon,TwelveMile,TwelveMileCanaryIsland,1,A,0,0 to 1,Monocot,Unknown,10_50,17/05/2018,3,0,
Loddon,TwelveMile,TwelveMileCanaryIsland,1,B,1,1 to 2,Cirsium vulgare,exotic,1,17/05/2018,3,0,
Loddon,TwelveMile,TwelveMileCanaryIsland,1,C,2,2 to 3,Rumex tenax,native,2,17/05/2018,3,0,
Loddon,TwelveMile,TwelveMileCanaryIsland,1,C,2,2 to 3,Alternanthera denticulata,native,2,17/05/2018,3,0,
Loddon,Loddon,LoddonCanaryIsland,1,W,-1, -1 to 0,Nil,NA,0,17/05/2018,3,0,
Loddon,Loddon,LoddonCanaryIsland,1,A,0,0 to 1,Nil,NA,0,17/05/2018,3,0,
Loddon,Loddon,LoddonCanaryIsland,1,B,1,1 to 2,Helminthotheca echioides,exotic,1,17/05/2018,3,0,
Loddon,Loddon,LoddonCanaryIsland,1,C,2,2 to 3,Helminthotheca echioides,exotic,3,17/05/2018,3,0,
Loddon,Loddon,LoddonCanaryIsland,1,D,3,3 to 4,Helminthotheca echioides,exotic,10_50,17/05/2018,3,0,
Loddon,Loddon,LoddonCanaryIsland,1,D,3,3 to 4,Cirsium vulgare,exotic,2,17/05/2018,3,0,
Loddon,Loddon,LoddonCanaryIsland,2,W,-1, -1 to 0,Monocot,Unknown,2,17/05/2018,3,0,
Loddon,Loddon,LoddonCanaryIsland,2,A,0,0 to 1,Dicot,Unknown,1,17/05/2018,3,0,
Loddon,Loddon,LoddonCanaryIsland,2,B,1,1 to 2,Helminthotheca echioides,exotic,5,17/05/2018,3,0,
Loddon,Loddon,LoddonCanaryIsland,2,B,1,1 to 2,Cirsium vulgare,exotic,2,17/05/2018,3,0,
Loddon,Loddon,LoddonCanaryIsland,2,C,2,2 to 3,Cirsium vulgare,exotic,2,17/05/2018,3,0,
Loddon,Loddon,LoddonCanaryIsland,2,C,2,2 to 3,Helminthotheca echioides,exotic,3,17/05/2018,3,0,
Loddon,Loddon,LoddonCanaryIsland,2,D,3,3 to 4,Helminthotheca echioides,exotic,10_50,17/05/2018,3,0,
Loddon,Loddon,LoddonCanaryIsland,2,D,3,3 to 4,Cirsium vulgare,exotic,4,17/05/2018,3,0,
Loddon,Loddon,LoddonCanaryIsland,3,W,-1, -1 to 0,Nil,NA,0,17/05/2018,3,0,
Loddon,Loddon,LoddonCanaryIsland,3,A,0,0 to 1,Nil,NA,0,17/05/2018,3,0,
Loddon,Loddon,LoddonCanaryIsland,3,B,1,1 to 2,Nil,NA,0,17/05/2018,3,0,
Loddon,Loddon,LoddonCanaryIsland,3,C,2,2 to 3,Helminthotheca echioides,exotic,1,17/05/2018,3,0,
Loddon,Loddon,LoddonCanaryIsland,3,D,3,3 to 4,Nil,NA,0,17/05/2018,3,0,
Loddon,Loddon,LoddonCanaryIsland,4,W,-1, -1 to 0,Nil,NA,0,17/05/2018,3,0,
Loddon,Loddon,LoddonCanaryIsland,4,A,0,0 to 1,Nil,NA,0,17/05/2018,3,0,
Loddon,Loddon,LoddonCanaryIsland,4,B,1,1 to 2,Nil,NA,0,17/05/2018,3,0,
Loddon,Loddon,LoddonCanaryIsland,4,C,2,2 to 3,Helminthotheca echioides,exotic,4,17/05/2018,3,0,
Loddon,Loddon,LoddonCanaryIsland,4,D,3,3 to 4,Dicot,Unknown,1,17/05/2018,3,0,
Loddon,Loddon,LoddonCanaryIsland,5,W,-1, -1 to 0,Nil,NA,0,17/05/2018,3,0,
Loddon,Loddon,LoddonCanaryIsland,5,A,0,0 to 1,Nil,NA,0,17/05/2018,3,0,
Loddon,Loddon,LoddonCanaryIsland,5,B,1,1 to 2,Nil,NA,0,17/05/2018,3,0,
Loddon,Loddon,LoddonCanaryIsland,5,C,2,2 to 3,Lactuca serriola,exotic,6,17/05/2018,3,0,
Loddon,Loddon,LoddonCanaryIsland,5,D,3,3 to 4,Lactuca serriola,exotic,5,17/05/2018,3,0,
Loddon,Loddon,LoddonCanaryIsland,5,E,4,4 to 5,Nil,NA,0,17/05/2018,3,0,
Loddon,Loddon,Caldwells,1,W,-1, -1 to 0,Nil,NA,0,17/05/2018,3,0,
Loddon,Loddon,Caldwells,1,A,0,0 to 1,Nil,NA,0,17/05/2018,3,0,
Loddon,Loddon,Caldwells,1,B,1,1 to 2,Rumex tenax,native,3,17/05/2018,3,0,
Loddon,Loddon,Caldwells,1,B,1,1 to 2,Monocot,Unknown,2,17/05/2018,3,0,
Loddon,Loddon,Caldwells,2,W,-1, -1 to 0,Cirsium vulgare,exotic,1,17/05/2018,3,0,
Loddon,Loddon,Caldwells,2,A,0,0 to 1,Cotula australis,native,4,17/05/2018,3,0,
Loddon,Loddon,Caldwells,2,B,1,1 to 2,Rumex tenax,native,1,17/05/2018,3,0,
Loddon,Loddon,Caldwells,2,C,2,2 to 3,Rumex tenax,native,3,17/05/2018,3,0,
Loddon,Loddon,Caldwells,3,W,-1, -1 to 0,Monocot,Unknown,9,17/05/2018,3,0,
Loddon,Loddon,Caldwells,3,A,0,0 to 1,Rumex tenax,native,1,17/05/2018,3,0,
Loddon,Loddon,Caldwells,3,B,1,1 to 2,Nil,NA,0,17/05/2018,3,0,
Loddon,Loddon,Caldwells,3,C,2,2 to 3,Nil,NA,0,17/05/2018,3,0,
Loddon,Loddon,Caldwells,4,W,-1, -1 to 0,Nil,NA,0,17/05/2018,3,0,
Loddon,Loddon,Caldwells,4,A,0,0 to 1,Nil,NA,0,17/05/2018,3,0,
Loddon,Loddon,Caldwells,4,B,1,1 to 2,Dicot,Unknown,1,17/05/2018,3,0,
Loddon,Loddon,Caldwells,4,B,1,1 to 2,Rumex spp.,native,1,17/05/2018,3,0,
Loddon,Loddon,Caldwells,4,C,2,2 to 3,Nil,NA,0,17/05/2018,3,0,
Loddon,Loddon,Caldwells,5,W,-1, -1 to 0,Dicot,Unknown,10_50,17/05/2018,3,0,
Loddon,Loddon,Caldwells,5,A,0,0 to 1,Alternanthera denticulata,native,2,17/05/2018,3,0,
Loddon,Loddon,Caldwells,5,B,1,1 to 2,Nil,NA,0,17/05/2018,3,0,
Loddon,Loddon,Caldwells,5,C,2,2 to 3,Nil,NA,0,17/05/2018,3,0,
Loddon,TwelveMile,Frosts,5,W,-1, -1 to 0,Nil,NA,0,17/05/2018,3,0,
Loddon,TwelveMile,Frosts,5,A,0,0 to 1,Nil,NA,0,17/05/2018,3,0,
Loddon,TwelveMile,Frosts,5,B,1,1 to 2,Nil,NA,0,17/05/2018,3,0,
Loddon,TwelveMile,Frosts,5,C,2,2 to 3,Nil,NA,0,17/05/2018,3,0,
Loddon,TwelveMile,Frosts,4,W,-1, -1 to 0,Dicot,Unknown,1,17/05/2018,3,0,
Loddon,TwelveMile,Frosts,4,A,0,0 to 1,Nil,NA,0,17/05/2018,3,0,
Loddon,TwelveMile,Frosts,4,B,1,1 to 2,Nil,NA,0,17/05/2018,3,0,
Loddon,TwelveMile,Frosts,3,W,-1, -1 to 0,Nil,NA,0,17/05/2018,3,0,
Loddon,TwelveMile,Frosts,3,A,0,0 to 1,Sonchus oleraceus,exotic,1,17/05/2018,3,0,
Loddon,TwelveMile,Frosts,3,A,0,0 to 1,Dicot,Unknown,2,17/05/2018,3,0,
Loddon,TwelveMile,Frosts,3,B,1,1 to 2,Dicot,Unknown,4,17/05/2018,3,0,
Loddon,TwelveMile,Frosts,2,W,-1, -1 to 0,Dicot,Unknown,3,17/05/2018,3,0,
Loddon,TwelveMile,Frosts,2,W,-1, -1 to 0,Monocot,Unknown,2,17/05/2018,3,0,
Loddon,TwelveMile,Frosts,2,A,0,0 to 1,Dicot,Unknown,3,17/05/2018,3,0,
Loddon,TwelveMile,Frosts,2,A,0,0 to 1,Monocot,Unknown,6,17/05/2018,3,0,
Loddon,TwelveMile,Frosts,2,B,1,1 to 2,Dicot,Unknown,2,17/05/2018,3,0,
Loddon,TwelveMile,Frosts,2,B,1,1 to 2,Monocot,Unknown,4,17/05/2018,3,0,
Loddon,TwelveMile,Frosts,1,W,-1, -1 to 0,Nil,NA,0,17/05/2018,3,0,
Loddon,TwelveMile,Frosts,1,A,0,0 to 1,Dicot,Unknown,2,17/05/2018,3,0,
Loddon,TwelveMile,Frosts,1,B,1,1 to 2,Nil,NA,0,17/05/2018,3,0,
