SYSTEM,WATERWAY,SITE,TRANSECT,METRES,SPECIES,RECRUIT_COUNT,DATE,SURVEY,Notes,,,,,,,,,,
Moorabool,Moorabool,Bostock,2, -1 to 0,Nil,0,26/04/2023,6,,,,,,,,,,,
Moorabool,Moorabool,Bostock,2,0 to 1,Nil,0,26/04/2023,6,,,,,,,,,,,
Moorabool,Moorabool,Bostock,2,1 to 2,Monocot spp.,2,26/04/2023,6,,,,,,,,,,,
Moorabool,Moorabool,Bostock,3, -1 to 0,Nil,0,26/04/2023,6,,,,,,,,,,,
Moorabool,Moorabool,Bostock,3,0 to 1,Nil,0,26/04/2023,6,,,,,,,,,,,
Moorabool,Moorabool,Bostock,3,1 to 2,Nil,0,26/04/2023,6,,,,,,,,,,,
Moorabool,Moorabool,Bostock,4, -1 to 0,Nil,0,26/04/2023,6,,,,,,,,,,,
Moorabool,Moorabool,Bostock,4,0 to 1,Dicot spp.,10 to 50,26/04/2023,6,,,,,,,,,,,
Moorabool,Moorabool,Bostock,4,1 to 2,Nil,0,26/04/2023,6,,,,,,,,,,,
Moorabool,Moorabool,Bostock,6, -1 to 0,Nil,0,26/04/2023,6,,,,,,,,,,,
Moorabool,Moorabool,Bostock,6,0 to 1,Dicot spp.,7,26/04/2023,6,,,,,,,,,,,
Moorabool,Moorabool,Bostock,6,1 to 2,Nil,0,26/04/2023,6,,,,,,,,,,,
Moorabool,Moorabool,Bostock,7, -1 to 0,Nil,0,26/04/2023,6,,,,,,,,,,,
Moorabool,Moorabool,Bostock,7,0 to 1,Nil,0,26/04/2023,6,,,,,,,,,,,
Moorabool,Moorabool,Bostock,7,1 to 2,Nil,0,26/04/2023,6,,,,,,,,,,,
Moorabool,Moorabool,Bostock,9, -1 to 0,Nil,0,26/04/2023,6,,,,,,,,,,,
Moorabool,Moorabool,Bostock,9,0 to 1,Nil,0,26/04/2023,6,,,,,,,,,,,
Moorabool,Moorabool,Bostock,9,1 to 2,Nil,0,26/04/2023,6,,,,,,,,,,,
Moorabool,Moorabool,Bostock,10, -1 to 0,Nil,0,26/04/2023,6,,,,,,,,,,,
Moorabool,Moorabool,Bostock,10,0 to 1,Monocot spp.,10 to 50,26/04/2023,6,,,,,,,,,,,
Moorabool,Moorabool,Bostock,10,1 to 2,Nil,0,26/04/2023,6,,,,,,,,,,,
Moorabool,Moorabool,Bostock,1, -1 to 0,Nil,0,26/04/2023,6,,,,,,,,,,,
Moorabool,Moorabool,Bostock,1,0 to 1,Cerastium spp.,2,26/04/2023,6,,,,,,,,,,,
Moorabool,Moorabool,Bostock,1,0 to 1,Rubus (blackberry),2,26/04/2023,6,,,,,,,,,,,
Moorabool,Moorabool,Bostock,1,0 to 1,Dicot spp.,1,26/04/2023,6,,,,,,,,,,,
Moorabool,Moorabool,Bostock,1,1 to 2,Hypochaeris spp.,2,26/04/2023,6,,,,,,,,,,,
Moorabool,Moorabool,Bostock,1,1 to 2,Nasturtium officinale,2,26/04/2023,6,,,,,,,,,,,
Moorabool,Moorabool,Bostock,1,1 to 2,Cirsium spp.,2,26/04/2023,6,,,,,,,,,,,
Moorabool,Moorabool,Bostock,1,1 to 2,Anagallis arvensis,2,26/04/2023,6,(not in master list),,,,,,,,,,
Moorabool,Moorabool,Bostock,1,1 to 2,Galium spp.,1,26/04/2023,6,,,,,,,,,,,
Moorabool,Moorabool,Bostock,5, -1 to 0,Isolepis inundata,3,26/04/2023,6,,,,,,,,,,,
Moorabool,Moorabool,Bostock,5,0 to 1,Isolepis inundata,1,26/04/2023,6,,,,,,,,,,,
Moorabool,Moorabool,Bostock,5,0 to 1,Galium spp.,3,26/04/2023,6,,,,,,,,,,,
Moorabool,Moorabool,Bostock,5,0 to 1,Cirsium spp.,1,26/04/2023,6,,,,,,,,,,,
Moorabool,Moorabool,Bostock,5,1 to 2,Galium spp.,1,26/04/2023,6,,,,,,,,,,,
Moorabool,Moorabool,Bostock,8, -1 to 0,Nil,0,26/04/2023,6,,,,,,,,,,,
Moorabool,Moorabool,Bostock,8,0 to 1,Nasturtium officinale,50 to 100,26/04/2023,6,,,,,,,,,,,
Moorabool,Moorabool,Bostock,8,0 to 1,Galium spp.,1,26/04/2023,6,,,,,,,,,,,
Moorabool,Moorabool,Bostock,8,0 to 1,Geranium spp.,1,26/04/2023,6,,,,,,,,,,,
Moorabool,Moorabool,Bostock,8,0 to 1,Dicot spp.,1,26/04/2023,6,,,,,,,,,,,
Moorabool,Moorabool,Bostock,8,0 to 1,Acaena spp.,10 to 50,26/04/2023,6,,,,,,,,,,,
Moorabool,Moorabool,Bostock,8,1 to 2,Galium spp.,2,26/04/2023,6,,,,,,,,,,,
Moorabool,Moorabool,Bostock,8,1 to 2,Geranium spp.,2,26/04/2023,6,,,,,,,,,,,
Moorabool,Moorabool,Bostock,8,1 to 2,Oxalis spp.,1,26/04/2023,6,,,,,,,,,,,
Moorabool,Moorabool,Bostock,8,1 to 2,Acaena spp.,7,26/04/2023,6,,,,,,,,,,,
Moorabool,Moorabool,Bostock,8,1 to 2,Hypochaeris spp.,1,26/04/2023,6,,,,,,,,,,,
Moorabool,Moorabool,Sharps Rd,1, -1 to 0,Hypochaeris radicata,2,27/04/2023,6,,,,,,,,,,,
Moorabool,Moorabool,Sharps Rd,1,0 to 1,Nil,0,27/04/2023,6,,,,,,,,,,,
Moorabool,Moorabool,Sharps Rd,1,1 to 2,Nil,0,27/04/2023,6,,,,,,,,,,,
Moorabool,Moorabool,Sharps Rd,2, -1 to 0,Dicot spp.,10 to 50,27/04/2023,6,,,,,,,,,,,
Moorabool,Moorabool,Sharps Rd,2,0 to 1,Dicot spp.,10 to 50,27/04/2023,6,,,,,,,,,,,
Moorabool,Moorabool,Sharps Rd,2,0 to 1,Monocot spp.,10 to 50,27/04/2023,6,,,,,,,,,,,
Moorabool,Moorabool,Sharps Rd,2,1 to 2,Dicot spp.,3,27/04/2023,6,,,,,,,,,,,
Moorabool,Moorabool,Sharps Rd,2,2 to 3,Dicot spp.,1,27/04/2023,6,,,,,,,,,,,
Moorabool,Moorabool,Sharps Rd,3, -1 to 0,Lachnagrostis filiformis s.l.,10 to 50,27/04/2023,6,,,,,,,,,,,
Moorabool,Moorabool,Sharps Rd,3,0 to 1,Monocot spp.,7,27/04/2023,6,,,,,,,,,,,
Moorabool,Moorabool,Sharps Rd,3,1 to 2,Dicot spp.,5,27/04/2023,6,,,,,,,,,,,
Moorabool,Moorabool,Sharps Rd,3,1 to 2,Acacia spp.,1,27/04/2023,6,,,,,,,,,,,
Moorabool,Moorabool,Sharps Rd,3,2 to 3,Nil,0,27/04/2023,6,,,,,,,,,,,
Moorabool,Moorabool,Sharps Rd,4, -1 to 0,Gynatrix pulchella s.l.,1,27/04/2023,6,,,,,,,,,,,
Moorabool,Moorabool,Sharps Rd,4,0 to 1,Gynatrix pulchella s.l.,1,27/04/2023,6,,,,,,,,,,,
Moorabool,Moorabool,Sharps Rd,4,1 to 2,Nil,0,27/04/2023,6,,,,,,,,,,,
Moorabool,Moorabool,Sharps Rd,5, -1 to 0,Nil,0,27/04/2023,6,,,,,,,,,,,
Moorabool,Moorabool,Sharps Rd,5,0 to 1,Monocot spp.,10 to 50,27/04/2023,6,,,,,,,,,,,
Moorabool,Moorabool,Sharps Rd,5,1 to 2,Monocot spp.,10 to 50,27/04/2023,6,,,,,,,,,,,
Moorabool,Moorabool,Sharps Rd,5,2 to 3,Sonchus spp.,1,27/04/2023,6,,,,,,,,,,,
Moorabool,Moorabool,Sharps Rd,5,3 to 4,Dicot spp.,1,27/04/2023,6,,,,,,,,,,,
Moorabool,Moorabool,Sharps Rd,6, -1 to 0,Nil,0,27/04/2023,6,,,,,,,,,,,
Moorabool,Moorabool,Sharps Rd,6,0 to 1,Nil,0,27/04/2023,6,,,,,,,,,,,
Moorabool,Moorabool,Sharps Rd,6,1 to 2,Nil,0,27/04/2023,6,,,,,,,,,,,
Moorabool,Moorabool,Sharps Rd,7, -1 to 0,Ficinia nodosa,10 to 50,27/04/2023,6,,,,,,,,,,,
Moorabool,Moorabool,Sharps Rd,7,0 to 1,Nil,0,27/04/2023,6,,,,,,,,,,,
Moorabool,Moorabool,Sharps Rd,7,1 to 2,Nil,0,27/04/2023,6,,,,,,,,,,,
Moorabool,Moorabool,Sharps Rd,8,T8 not found,T8 not found,T8 not found,27/04/2023,6,T8 not found,,,,,,,,,,
Moorabool,Moorabool,Sharps Rd,9, -1 to 0,Dicot spp.,10 to 50,27/04/2023,6,,,,,,,,,,,
Moorabool,Moorabool,Sharps Rd,9,0 to 1,Dicot spp.,10 to 50,27/04/2023,6,,,,,,,,,,,
Moorabool,Moorabool,Sharps Rd,9,0 to 1,Monocot spp.,3,27/04/2023,6,,,,,,,,,,,
Moorabool,Moorabool,Sharps Rd,9,1 to 2,Monocot spp.,1,27/04/2023,6,,,,,,,,,,,
Moorabool,Moorabool,Sharps Rd,10, -1 to 0,Nil,0,27/04/2023,6,,,,,,,,,,,
Moorabool,Moorabool,Sharps Rd,10,0 to 1,Nil,0,27/04/2023,6,,,,,,,,,,,
Moorabool,Moorabool,Sharps Rd,10,1 to 2,Nil,0,27/04/2023,6,,,,,,,,,,,
Moorabool,Moorabool,Sharps Rd,10,2 to 3,Gynatrix pulchella s.l.,1,27/04/2023,6,,,,,,,,,,,
Moorabool,Moorabool,Sharps Rd,10,3 to 4,Acacia spp.,4,27/04/2023,6,,,,,,,,,,,
Moorabool,Moorabool,Sharps Rd,10,3 to 4,Fumaria spp.,1,27/04/2023,6,,,,,,,,,,,
Moorabool,Moorabool,Hunts Bridge,10, -1 to 0,Nil,0,27/04/2023,6,,,,,,,,,,,
Moorabool,Moorabool,Hunts Bridge,10,0 to 1,Dicot spp.,10 to 50,27/04/2023,6,,,,,,,,,,,
Moorabool,Moorabool,Hunts Bridge,10,1 to 2,Dicot spp.,50 to 100,27/04/2023,6,,,,,,,,,,,
Moorabool,Moorabool,Hunts Bridge,10,2 to 3,Dicot spp.,50 to 100,27/04/2023,6,"""flickweed?"" - may also apply to ""dicots spp"" in the rest of this transect but doesn't say so",,,,,,,,,,
Moorabool,Moorabool,Hunts Bridge,10,3 to 4,Dicot spp.,50 to 100,27/04/2023,6,,,,,,,,,,,
Moorabool,Moorabool,Hunts Bridge,10,3 to 4,Fumaria spp.,1,27/04/2023,6,,,,,,,,,,,
Moorabool,Moorabool,Hunts Bridge,10,4 to 5,Nil,0,27/04/2023,6,,,,,,,,,,,
Moorabool,Moorabool,Hunts Bridge,9, -1 to 0,Dicot spp.,50 to 100,27/04/2023,6,,,,,,,,,,,
Moorabool,Moorabool,Hunts Bridge,9,0 to 1,Dicot spp.,10 to 50,27/04/2023,6,,,,,,,,,,,
Moorabool,Moorabool,Hunts Bridge,9,1 to 2,Sonchus spp.,1,27/04/2023,6,,,,,,,,,,,
Moorabool,Moorabool,Hunts Bridge,9,1 to 2,Monocot spp.,10 to 50,27/04/2023,6,,,,,,,,,,,
Moorabool,Moorabool,Hunts Bridge,9,2 to 3,Nil,0,27/04/2023,6,,,,,,,,,,,
Moorabool,Moorabool,Hunts Bridge,8, -1 to 0,Nil,0,27/04/2023,6,,,,,,,,,,,
Moorabool,Moorabool,Hunts Bridge,8,0 to 1,Dicot spp.,10 to 50,27/04/2023,6,,,,,,,,,,,
Moorabool,Moorabool,Hunts Bridge,8,0 to 1,Fumaria spp.,1,27/04/2023,6,,,,,,,,,,,
Moorabool,Moorabool,Hunts Bridge,8,1 to 2,Dicot spp.,10 to 50,27/04/2023,6,,,,,,,,,,,
Moorabool,Moorabool,Hunts Bridge,8,1 to 2,Acacia spp.,1,27/04/2023,6,,,,,,,,,,,
Moorabool,Moorabool,Hunts Bridge,8,2 to 3,Dicot spp.,10 to 50,27/04/2023,6,,,,,,,,,,,
Moorabool,Moorabool,Hunts Bridge,8,2 to 3,Sonchus spp.,1,27/04/2023,6,,,,,,,,,,,
Moorabool,Moorabool,Hunts Bridge,7, -1 to 0,Nil,0,27/04/2023,6,,,,,,,,,,,
Moorabool,Moorabool,Hunts Bridge,7,0 to 1,Dicot spp.,10 to 50,27/04/2023,6,,,,,,,,,,,
Moorabool,Moorabool,Hunts Bridge,7,0 to 1,Monocot spp.,10 to 50,27/04/2023,6,,,,,,,,,,,
Moorabool,Moorabool,Hunts Bridge,7,1 to 2,Dicot spp.,10 to 50,27/04/2023,6,,,,,,,,,,,
Moorabool,Moorabool,Hunts Bridge,7,1 to 2,Monocot spp.,10 to 50,27/04/2023,6,,,,,,,,,,,
Moorabool,Moorabool,Hunts Bridge,7,2 to 3,Galium spp.,2,27/04/2023,6,,,,,,,,,,,
Moorabool,Moorabool,Hunts Bridge,7,2 to 3,Dicot spp.,10 to 50,27/04/2023,6,,,,,,,,,,,
Moorabool,Moorabool,Hunts Bridge,7,2 to 3,Hypochaeris radicata,2,27/04/2023,6,,,,,,,,,,,
Moorabool,Moorabool,Hunts Bridge,6, -1 to 0,Nil,0,27/04/2023,6,,,,,,,,,,,
Moorabool,Moorabool,Hunts Bridge,6,0 to 1,Dicot spp.,10 to 50,27/04/2023,6,,,,,,,,,,,
Moorabool,Moorabool,Hunts Bridge,6,0 to 1,Monocot spp.,10 to 50,27/04/2023,6,,,,,,,,,,,
Moorabool,Moorabool,Hunts Bridge,6,1 to 2,Dicot spp.,10 to 50,27/04/2023,6,,,,,,,,,,,
Moorabool,Moorabool,Hunts Bridge,6,1 to 2,Monocot spp.,10 to 50,27/04/2023,6,,,,,,,,,,,
Moorabool,Moorabool,Hunts Bridge,6,2 to 3,Dicot spp.,50 to 100,27/04/2023,6,,,,,,,,,,,
Moorabool,Moorabool,Hunts Bridge,6,2 to 3,Acacia dealbata,3,27/04/2023,6,,,,,,,,,,,
Moorabool,Moorabool,Hunts Bridge,6,2 to 3,Hypochaeris radicata,2,27/04/2023,6,,,,,,,,,,,
Moorabool,Moorabool,Hunts Bridge,6,3 to 4,Dicot spp.,10 to 50,27/04/2023,6,,,,,,,,,,,
Moorabool,Moorabool,Hunts Bridge,6,3 to 4,Monocot spp.,50 to 100,27/04/2023,6,,,,,,,,,,,
Moorabool,Moorabool,Hunts Bridge,5, -1 to 0,Nil,0,27/04/2023,6,,,,,,,,,,,
Moorabool,Moorabool,Hunts Bridge,5,0 to 1,Dicot spp.,10 to 50,27/04/2023,6,,,,,,,,,,,
Moorabool,Moorabool,Hunts Bridge,5,0 to 1,Monocot spp.,10 to 50,27/04/2023,6,,,,,,,,,,,
Moorabool,Moorabool,Hunts Bridge,5,1 to 2,Dicot spp.,10 to 50,27/04/2023,6,,,,,,,,,,,
Moorabool,Moorabool,Hunts Bridge,5,1 to 2,Monocot spp.,10 to 50,27/04/2023,6,,,,,,,,,,,
Moorabool,Moorabool,Hunts Bridge,5,1 to 2,Hypochaeris radicata,6,27/04/2023,6,,,,,,,,,,,
Moorabool,Moorabool,Hunts Bridge,5,2 to 3,Dicot spp.,10 to 50,27/04/2023,6,,,,,,,,,,,
Moorabool,Moorabool,Hunts Bridge,5,2 to 3,Monocot spp.,10 to 50,27/04/2023,6,,,,,,,,,,,
Moorabool,Moorabool,Hunts Bridge,5,3 to 4,Hypochaeris radicata,1,27/04/2023,6,,,,,,,,,,,
Moorabool,Moorabool,Hunts Bridge,5,3 to 4,Monocot spp.,10 to 50,27/04/2023,6,,,,,,,,,,,
Moorabool,Moorabool,Hunts Bridge,4, -1 to 0,Dicot spp.,10 to 50,27/04/2023,6,,,,,,,,,,,
Moorabool,Moorabool,Hunts Bridge,4,0 to 1,Dicot spp.,10 to 50,27/04/2023,6,,,,,,,,,,,
Moorabool,Moorabool,Hunts Bridge,4,0 to 1,Monocot spp.,10 to 50,27/04/2023,6,,,,,,,,,,,
Moorabool,Moorabool,Hunts Bridge,4,1 to 2,Acacia spp.,2,27/04/2023,6,,,,,,,,,,,
Moorabool,Moorabool,Hunts Bridge,4,1 to 2,Solanum spp.,1,27/04/2023,6,,,,,,,,,,,
Moorabool,Moorabool,Hunts Bridge,4,1 to 2,Dicot spp.,10 to 50,27/04/2023,6,,,,,,,,,,,
Moorabool,Moorabool,Hunts Bridge,4,1 to 2,Monocot spp.,4,27/04/2023,6,,,,,,,,,,,
Moorabool,Moorabool,Hunts Bridge,4,2 to 3,Dicot spp.,10 to 50,27/04/2023,6,,,,,,,,,,,
Moorabool,Moorabool,Hunts Bridge,4,2 to 3,Monocot spp.,8,27/04/2023,6,,,,,,,,,,,
Moorabool,Moorabool,Hunts Bridge,3, -1 to 0,Sonchus spp.,1,28/04/2023,6,,,,,,,,,,,
Moorabool,Moorabool,Hunts Bridge,3, -1 to 0,Dicot spp.,3,28/04/2023,6,,,,,,,,,,,
Moorabool,Moorabool,Hunts Bridge,3,0 to 1,Dicot spp.,10 to 50,28/04/2023,6,,,,,,,,,,,
Moorabool,Moorabool,Hunts Bridge,3,0 to 1,Fumaria spp.,5,28/04/2023,6,,,,,,,,,,,
Moorabool,Moorabool,Hunts Bridge,3,0 to 1,Solanum nigrum,4,28/04/2023,6,,,,,,,,,,,
Moorabool,Moorabool,Hunts Bridge,3,1 to 2,Dicot spp.,10 to 50,28/04/2023,6,,,,,,,,,,,
Moorabool,Moorabool,Hunts Bridge,3,1 to 2,Acacia spp.,4,28/04/2023,6,,,,,,,,,,,
Moorabool,Moorabool,Hunts Bridge,3,1 to 2,Monocot spp.,3,28/04/2023,6,,,,,,,,,,,
Moorabool,Moorabool,Hunts Bridge,2, -1 to 0,Nil,0,28/04/2023,6,,,,,,,,,,,
Moorabool,Moorabool,Hunts Bridge,2,0 to 1,Dicot spp.,10 to 50,28/04/2023,6,,,,,,,,,,,
Moorabool,Moorabool,Hunts Bridge,2,0 to 1,Solanum spp.,1,28/04/2023,6,,,,,,,,,,,
Moorabool,Moorabool,Hunts Bridge,2,0 to 1,Fumaria spp.,1,28/04/2023,6,,,,,,,,,,,
Moorabool,Moorabool,Hunts Bridge,2,1 to 2,Monocot spp.,3,28/04/2023,6,,,,,,,,,,,
Moorabool,Moorabool,Hunts Bridge,2,1 to 2,Dicot spp.,10 to 50,28/04/2023,6,,,,,,,,,,,
Moorabool,Moorabool,Hunts Bridge,2,1 to 2,Fumaria spp.,3,28/04/2023,6,,,,,,,,,,,
Moorabool,Moorabool,Hunts Bridge,2,1 to 2,Galium spp.,1,28/04/2023,6,,,,,,,,,,,
Moorabool,Moorabool,Hunts Bridge,2,2 to 3,Dicot spp.,50 to 100,28/04/2023,6,,,,,,,,,,,
Moorabool,Moorabool,Hunts Bridge,2,2 to 3,Galium spp.,1,28/04/2023,6,,,,,,,,,,,
Moorabool,Moorabool,Hunts Bridge,2,2 to 3,Monocot spp.,5,28/04/2023,6,,,,,,,,,,,
Moorabool,Moorabool,Hunts Bridge,2,3 to 4,Dicot spp.,50 to 100,28/04/2023,6,,,,,,,,,,,
Moorabool,Moorabool,Hunts Bridge,2,3 to 4,Galium spp.,1,28/04/2023,6,,,,,,,,,,,
Moorabool,Moorabool,Hunts Bridge,2,3 to 4,Monocot spp.,1,28/04/2023,6,,,,,,,,,,,
Moorabool,Moorabool,Hunts Bridge,1,T1 not found - buried under ~1m thick debris,T1 not found - buried under ~1m thick debris,T1 not found - buried under ~1m thick debris,28/04/2023,6,T1 not found - buried under ~1m thick debris,,,,,,,,,,
Moorabool,Moorabool,Bakers Bridge,1, -1 to 0,Nil,0,28/04/2023,6,,,,,,,,,,,
Moorabool,Moorabool,Bakers Bridge,1,0 to 1,Cycnogeton procerum,50 to 100,28/04/2023,6,,,,,,,,,,,
Moorabool,Moorabool,Bakers Bridge,1,1 to 2,Nil,0,28/04/2023,6,,,,,,,,,,,
Moorabool,Moorabool,Bakers Bridge,1,2 to 3,Cirsium spp.,2,28/04/2023,6,,,,,,,,,,,
Moorabool,Moorabool,Bakers Bridge,1,3 to 4,Cirsium spp.,1,28/04/2023,6,,,,,,,,,,,
Moorabool,Moorabool,Bakers Bridge,2, -1 to 0,Dicot spp.,1,28/04/2023,6,,,,,,,,,,,
Moorabool,Moorabool,Bakers Bridge,2,0 to 1,Cycnogeton procerum,5,28/04/2023,6,,,,,,,,,,,
Moorabool,Moorabool,Bakers Bridge,2,1 to 2,Rumex brownii,1,28/04/2023,6,,,,,,,,,,,
Moorabool,Moorabool,Bakers Bridge,2,1 to 2,Dicot spp.,1,28/04/2023,6,,,,,,,,,,,
Moorabool,Moorabool,Bakers Bridge,2,2 to 3,Dicot spp.,2,28/04/2023,6,,,,,,,,,,,
Moorabool,Moorabool,Bakers Bridge,2,2 to 3,Cirsium spp.,2,28/04/2023,6,,,,,,,,,,,
Moorabool,Moorabool,Bakers Bridge,2,2 to 3,Oxalis perennans,1,28/04/2023,6,,,,,,,,,,,
Moorabool,Moorabool,Bakers Bridge,2,3 to 4,Dicot spp.,2,28/04/2023,6,,,,,,,,,,,
Moorabool,Moorabool,Bakers Bridge,2,3 to 4,Monocot spp.,2,28/04/2023,6,,,,,,,,,,,
Moorabool,Moorabool,Bakers Bridge,2,3 to 4,Cirsium spp.,1,28/04/2023,6,,,,,,,,,,,
Moorabool,Moorabool,Bakers Bridge,13, -1 to 0,Nil,0,28/04/2023,6,,,,,,,,,,,
Moorabool,Moorabool,Bakers Bridge,13,0 to 1,Sonchus spp.,3,28/04/2023,6,,,,,,,,,,,
Moorabool,Moorabool,Bakers Bridge,13,0 to 1,Cycnogeton procerum,2,28/04/2023,6,,,,,,,,,,,
Moorabool,Moorabool,Bakers Bridge,13,1 to 2,Solanum nigrum,1,28/04/2023,6,,,,,,,,,,,
Moorabool,Moorabool,Bakers Bridge,13,2 to 3,Solanum nigrum,3,28/04/2023,6,,,,,,,,,,,
Moorabool,Moorabool,Bakers Bridge,13,3 to 4,Nil,0,28/04/2023,6,,,,,,,,,,,
Moorabool,Moorabool,Bakers Bridge,3, -1 to 0,Cycnogeton procerum,10 to 50,28/04/2023,6,,,,,,,,,,,
Moorabool,Moorabool,Bakers Bridge,3,0 to 1,Dicot spp.,2,28/04/2023,6,,,,,,,,,,,
Moorabool,Moorabool,Bakers Bridge,3,0 to 1,Monocot spp.,2,28/04/2023,6,,,,,,,,,,,
Moorabool,Moorabool,Bakers Bridge,3,1 to 2,Monocot spp.,2,28/04/2023,6,,,,,,,,,,,
Moorabool,Moorabool,Bakers Bridge,3,2 to 3,Nil,0,28/04/2023,6,,,,,,,,,,,
Moorabool,Moorabool,Bakers Bridge,4, -1 to 0,Plantago major,6,28/04/2023,6,,,,,,,,,,,
Moorabool,Moorabool,Bakers Bridge,4, -1 to 0,Cycnogeton procerum,10 to 50,28/04/2023,6,,,,,,,,,,,
Moorabool,Moorabool,Bakers Bridge,4,0 to 1,Plantago major,3,28/04/2023,6,,,,,,,,,,,
Moorabool,Moorabool,Bakers Bridge,4,0 to 1,Dicot spp.,3,28/04/2023,6,,,,,,,,,,,
Moorabool,Moorabool,Bakers Bridge,4,0 to 1,Monocot spp.,3,28/04/2023,6,,,,,,,,,,,
Moorabool,Moorabool,Bakers Bridge,4,1 to 2,Oxalis spp.,1,28/04/2023,6,,,,,,,,,,,
Moorabool,Moorabool,Bakers Bridge,4,1 to 2,Dicot spp.,2,28/04/2023,6,,,,,,,,,,,
Moorabool,Moorabool,Bakers Bridge,4,2 to 3,Nil,0,28/04/2023,6,,,,,,,,,,,
Moorabool,Moorabool,Bakers Bridge,4,3 to 4,Dicot spp.,1,28/04/2023,6,,,,,,,,,,,
Moorabool,Moorabool,Bakers Bridge,4,3 to 4,Monocot spp.,1,28/04/2023,6,,,,,,,,,,,
Moorabool,Moorabool,Bakers Bridge,4,3 to 4,Oxalis spp.,1,28/04/2023,6,,,,,,,,,,,
Moorabool,Moorabool,Bakers Bridge,5, -1 to 0,Nil,0,28/04/2023,6,,,,,,,,,,,
Moorabool,Moorabool,Bakers Bridge,5,0 to 1,Cirsium spp.,1,28/04/2023,6,,,,,,,,,,,
Moorabool,Moorabool,Bakers Bridge,5,1 to 2,Dicot spp.,1,28/04/2023,6,,,,,,,,,,,
Moorabool,Moorabool,Bakers Bridge,5,1 to 2,Cirsium spp.,3,28/04/2023,6,,,,,,,,,,,
Moorabool,Moorabool,Bakers Bridge,5,1 to 2,Oxalis spp.,1,28/04/2023,6,,,,,,,,,,,
Moorabool,Moorabool,Bakers Bridge,5,2 to 3,Oxalis spp.,1,28/04/2023,6,,,,,,,,,,,
Moorabool,Moorabool,Bakers Bridge,5,2 to 3,Galium spp.,1,28/04/2023,6,,,,,,,,,,,
Moorabool,Moorabool,Bakers Bridge,5,2 to 3,Monocot spp.,4,28/04/2023,6,,,,,,,,,,,
Moorabool,Moorabool,Bakers Bridge,5,2 to 3,Helminthotheca echioides,1,28/04/2023,6,,,,,,,,,,,
Moorabool,Moorabool,Bakers Bridge,5,3 to 4,Nil,0,28/04/2023,6,,,,,,,,,,,
Moorabool,Moorabool,Bakers Bridge,6, -1 to 0,Nil,0,28/04/2023,6,,,,,,,,,,,
Moorabool,Moorabool,Bakers Bridge,6,0 to 1,Cycnogeton procerum,6,28/04/2023,6,,,,,,,,,,,
Moorabool,Moorabool,Bakers Bridge,6,1 to 2,Cirsium spp.,7,28/04/2023,6,,,,,,,,,,,
Moorabool,Moorabool,Bakers Bridge,6,1 to 2,Atriplex spp.,5,28/04/2023,6,,,,,,,,,,,
Moorabool,Moorabool,Bakers Bridge,6,1 to 2,Dicot spp.,2,28/04/2023,6,,,,,,,,,,,
Moorabool,Moorabool,Bakers Bridge,6,2 to 3,Nil,0,28/04/2023,6,,,,,,,,,,,
Moorabool,Moorabool,Bakers Bridge,6,3 to 4,Oxalis spp.,1,28/04/2023,6,,,,,,,,,,,
Moorabool,Moorabool,Bakers Bridge,6,3 to 4,Dicot spp.,2,28/04/2023,6,,,,,,,,,,,
Moorabool,Moorabool,Bakers Bridge,7,T7 not found,T7 not found,T7 not found,28/04/2023,6,T7 not found,,,,,,,,,,
Moorabool,Moorabool,Bakers Bridge,8, -1 to 0,Monocot spp.,1,28/04/2023,6,,,,,,,,,,,
Moorabool,Moorabool,Bakers Bridge,8, -1 to 0,Oxalis spp.,1,28/04/2023,6,,,,,,,,,,,
Moorabool,Moorabool,Bakers Bridge,8, -1 to 0,Cycnogeton procerum,3,28/04/2023,6,,,,,,,,,,,
Moorabool,Moorabool,Bakers Bridge,8,0 to 1,Dicot spp.,3,28/04/2023,6,,,,,,,,,,,
Moorabool,Moorabool,Bakers Bridge,8,0 to 1,Plantago major,3,28/04/2023,6,,,,,,,,,,,
Moorabool,Moorabool,Bakers Bridge,8,0 to 1,Monocot spp.,10 to 50,28/04/2023,6,,,,,,,,,,,
Moorabool,Moorabool,Bakers Bridge,8,0 to 1,Cirsium spp.,1,28/04/2023,6,,,,,,,,,,,
Moorabool,Moorabool,Bakers Bridge,8,0 to 1,Oxalis spp.,3,28/04/2023,6,,,,,,,,,,,
Moorabool,Moorabool,Bakers Bridge,8,1 to 2,Oxalis spp.,10 to 50,28/04/2023,6,,,,,,,,,,,
Moorabool,Moorabool,Bakers Bridge,8,2 to 3,Oxalis spp.,5,28/04/2023,6,,,,,,,,,,,
Moorabool,Moorabool,Bakers Bridge,8,3 to 4,Dicot spp.,4,28/04/2023,6,,,,,,,,,,,
Moorabool,Moorabool,Bakers Bridge,8,3 to 4,Oxalis spp.,3,28/04/2023,6,,,,,,,,,,,
Moorabool,Moorabool,Bakers Bridge,8,4 to 5,Cirsium spp.,1,28/04/2023,6,,,,,,,,,,,
Moorabool,Moorabool,Bakers Bridge,8,4 to 5,Modiola caroliniana,1,28/04/2023,6,,,,,,,,,,,
Moorabool,Moorabool,Bakers Bridge,9, -1 to 0,Cycnogeton procerum,10 to 50,28/04/2023,6,,,,,,,,,,,
Moorabool,Moorabool,Bakers Bridge,9,0 to 1,Cycnogeton procerum,10 to 50,28/04/2023,6,,,,,,,,,,,
Moorabool,Moorabool,Bakers Bridge,9,0 to 1,Dicot spp.,10 to 50,28/04/2023,6,,,,,,,,,,,
Moorabool,Moorabool,Bakers Bridge,9,1 to 2,Dicot spp.,3,28/04/2023,6,,,,,,,,,,,
Moorabool,Moorabool,Bakers Bridge,9,1 to 2,Galium spp.,1,28/04/2023,6,,,,,,,,,,,
Moorabool,Moorabool,Bakers Bridge,9,1 to 2,Fumaria spp.,2,28/04/2023,6,,,,,,,,,,,
Moorabool,Moorabool,Bakers Bridge,9,1 to 2,Oxalis spp.,2,28/04/2023,6,,,,,,,,,,,
Moorabool,Moorabool,Bakers Bridge,9,2 to 3,Dicot spp.,2,28/04/2023,6,,,,,,,,,,,
Moorabool,Moorabool,Bakers Bridge,9,2 to 3,Oxalis spp.,5,28/04/2023,6,,,,,,,,,,,
Moorabool,Moorabool,Bakers Bridge,9,2 to 3,Monocot spp.,2,28/04/2023,6,,,,,,,,,,,
Moorabool,Moorabool,Bakers Bridge,9,3 to 4,Dicot spp.,2,28/04/2023,6,,,,,,,,,,,
Moorabool,Moorabool,Bakers Bridge,10, -1 to 0,Nil,0,28/04/2023,6,,,,,,,,,,,
Moorabool,Moorabool,Bakers Bridge,10,0 to 1,Sonchus spp.,3,28/04/2023,6,,,,,,,,,,,
Moorabool,Moorabool,Bakers Bridge,10,0 to 1,Cycnogeton procerum,6,28/04/2023,6,,,,,,,,,,,
Moorabool,Moorabool,Bakers Bridge,10,0 to 1,Oxalis spp.,1,28/04/2023,6,,,,,,,,,,,
Moorabool,Moorabool,Bakers Bridge,10,0 to 1,Solanum spp.,2,28/04/2023,6,,,,,,,,,,,
Moorabool,Moorabool,Bakers Bridge,10,0 to 1,Cirsium spp.,1,28/04/2023,6,,,,,,,,,,,
Moorabool,Moorabool,Bakers Bridge,10,1 to 2,Solanum spp.,1,28/04/2023,6,,,,,,,,,,,
Moorabool,Moorabool,Bakers Bridge,10,1 to 2,Alternanthera denticulata,7,28/04/2023,6,,,,,,,,,,,
Moorabool,Moorabool,Bakers Bridge,10,2 to 3,Rumex spp.,1,28/04/2023,6,,,,,,,,,,,
Moorabool,Moorabool,Bakers Bridge,10,2 to 3,Solanum spp.,1,28/04/2023,6,,,,,,,,,,,
Moorabool,Moorabool,Bakers Bridge,10,2 to 3,Dicot spp.,3,28/04/2023,6,,,,,,,,,,,
Moorabool,Moorabool,Bakers Bridge,10,3 to 4,Nil,0,28/04/2023,6,,,,,,,,,,,
Moorabool,Moorabool,Bakers Bridge,10,4 to 5,Monocot spp.,1,28/04/2023,6,,,,,,,,,,,
Moorabool,Moorabool,Bakers Bridge,1, -1 to 0,Nil,0,17/08/2022,4,,,,,,,,,,,
Moorabool,Moorabool,Bakers Bridge,1,0 to 1,Nil,0,17/08/2022,4,,,,,,,,,,,
Moorabool,Moorabool,Bakers Bridge,1,1 to 2,Lachnagrostis filiformis s.l.,4,17/08/2022,4,,,,,,,,,,,
Moorabool,Moorabool,Bakers Bridge,1,1 to 2,Aster subulatus,2,17/08/2022,4,,,,,,,,,,,
Moorabool,Moorabool,Bakers Bridge,1,1 to 2,Hypochaeris radicata,1,17/08/2022,4,,,,,,,,,,,
Moorabool,Moorabool,Bakers Bridge,1,2 to 3,Lolium spp.,5,17/08/2022,4,,,,,,,,,,,
Moorabool,Moorabool,Bakers Bridge,1,2 to 3,Malva spp.,1,17/08/2022,4,,,,,,,,,,,
Moorabool,Moorabool,Bakers Bridge,1,2 to 3,Lachnagrostis filiformis s.l.,2,17/08/2022,4,,,,,,,,,,,
Moorabool,Moorabool,Bakers Bridge,1,2 to 3,Sonchus oleraceus,1,17/08/2022,4,,,,,,,,,,,","
Moorabool,Moorabool,Bakers Bridge,1,3 to 4,Lolium spp.,2,17/08/2022,4,,,,,,,,,,,
Moorabool,Moorabool,Bakers Bridge,2, -1 to 0,Nil,0,17/08/2022,4,,,,,,,,,,,
Moorabool,Moorabool,Bakers Bridge,2,0 to 1,Lachnagrostis filiformis s.l.,3,17/08/2022,4,,,,,,,,,,,
Moorabool,Moorabool,Bakers Bridge,2,1 to 2,Hypochaeris radicata,6,17/08/2022,4,,,,,,,,,,,
Moorabool,Moorabool,Bakers Bridge,2,1 to 2,Lolium spp.,10 to 50,17/08/2022,4,,,,,,,,,,,
Moorabool,Moorabool,Bakers Bridge,2,1 to 2,Lachnagrostis filiformis s.l.,2,17/08/2022,4,,,,,,,,,,,
Moorabool,Moorabool,Bakers Bridge,2,1 to 2,Poa annua,1,17/08/2022,4,,,,,,,,,,,
Moorabool,Moorabool,Bakers Bridge,2,1 to 2,Sonchus oleraceus,1,17/08/2022,4,,,,,,,,,,,
Moorabool,Moorabool,Bakers Bridge,2,2 to 3,Lolium spp.,3,17/08/2022,4,,,,,,,,,,,
Moorabool,Moorabool,Bakers Bridge,2,2 to 3,Lachnagrostis filiformis s.l.,1,17/08/2022,4,,,,,,,,,,,
Moorabool,Moorabool,Bakers Bridge,2,2 to 3,Dactylis glomerata,4,17/08/2022,4,,,,,,,,,,,
Moorabool,Moorabool,Bakers Bridge,2,3 to 4,Dactylis glomerata,5,17/08/2022,4,,,,,,,,,,,
Moorabool,Moorabool,Bakers Bridge,2,3 to 4,Lolium spp.,5,17/08/2022,4,,,,,,,,,,,
Moorabool,Moorabool,Bakers Bridge,2,3 to 4,Poa annua,2,17/08/2022,4,,,,,,,,,,,
Moorabool,Moorabool,Bakers Bridge,2,3 to 4,Eucalyptus camaldulensis subsp. camaldulensis,1,17/08/2022,4,,,,,,,,,,,
Moorabool,Moorabool,Bakers Bridge,3, -1 to 0,Nil,0,17/08/2022,4,,,,,,,,,,,
Moorabool,Moorabool,Bakers Bridge,3,0 to 1,Malva spp.,1,17/08/2022,4,,,,,,,,,,,
Moorabool,Moorabool,Bakers Bridge,3,0 to 1,Sonchus oleraceus,1,17/08/2022,4,,,,,,,,,,,
Moorabool,Moorabool,Bakers Bridge,3,0 to 1,Lachnagrostis filiformis s.l.,1,17/08/2022,4,,,,,,,,,,,
Moorabool,Moorabool,Bakers Bridge,3,1 to 2,Cirsium vulgare,1,17/08/2022,4,,,,,,,,,,,
Moorabool,Moorabool,Bakers Bridge,3,1 to 2,Lolium spp.,1,17/08/2022,4,,,,,,,,,,,
Moorabool,Moorabool,Bakers Bridge,4, -1 to 0,Nil,0,17/08/2022,4,,,,,,,,,,,
Moorabool,Moorabool,Bakers Bridge,4,0 to 1,Trifolium spp,8,17/08/2022,4,,,,,,,,,,,
Moorabool,Moorabool,Bakers Bridge,4,0 to 1,Helminthotheca echioides,10 to 50,17/08/2022,4,,,,,,,,,,,
Moorabool,Moorabool,Bakers Bridge,4,0 to 1,Lachnagrostis filiformis s.l.,10 to 50,17/08/2022,4,,,,,,,,,,,
Moorabool,Moorabool,Bakers Bridge,4,0 to 1,Lolium spp.,10 to 50,17/08/2022,4,,,,,,,,,,,
Moorabool,Moorabool,Bakers Bridge,4,0 to 1,Cirsium vulgare,1,17/08/2022,4,,,,,,,,,,,
Moorabool,Moorabool,Bakers Bridge,4,1 to 2,Lachnagrostis filiformis s.l.,10 to 50,17/08/2022,4,,,,,,,,,,,
Moorabool,Moorabool,Bakers Bridge,4,1 to 2,Lolium spp.,10 to 50,17/08/2022,4,,,,,,,,,,,
Moorabool,Moorabool,Bakers Bridge,4,1 to 2,Trifolium spp,5,17/08/2022,4,,,,,,,,,,,
Moorabool,Moorabool,Bakers Bridge,4,1 to 2,Sonchus oleraceus,1,17/08/2022,4,,,,,,,,,,,
Moorabool,Moorabool,Bakers Bridge,4,1 to 2,Poa annua,6,17/08/2022,4,,,,,,,,,,,
Moorabool,Moorabool,Bakers Bridge,4,1 to 2,Cirsium vulgare,2,17/08/2022,4,,,,,,,,,,,
Moorabool,Moorabool,Bakers Bridge,4,1 to 2,Microlaena stipoides var. stipoides,10 to 50,17/08/2022,4,,,,,,,,,,,
Moorabool,Moorabool,Bakers Bridge,4,1 to 2,Dicot spp.,2,17/08/2022,4,,,,,,,,,,,
Moorabool,Moorabool,Bakers Bridge,4,1 to 2,Poa labillardierei var. labillardierei,2,17/08/2022,4,,,,,,,,,,,
Moorabool,Moorabool,Bakers Bridge,4,2 to 3,Microlaena stipoides var. stipoides,10 to 50,17/08/2022,4,,,,,,,,,,,
Moorabool,Moorabool,Bakers Bridge,4,2 to 3,Bromus catharticus,4,17/08/2022,4,,,,,,,,,,,
Moorabool,Moorabool,Bakers Bridge,4,2 to 3,Lolium spp.,2,17/08/2022,4,,,,,,,,,,,
Moorabool,Moorabool,Bakers Bridge,4,3 to 4,Microlaena stipoides var. stipoides,5,17/08/2022,4,,,,,,,,,,,
Moorabool,Moorabool,Bakers Bridge,4,3 to 4,Cirsium vulgare,4,17/08/2022,4,,,,,,,,,,,
Moorabool,Moorabool,Bakers Bridge,4,3 to 4,Lolium spp.,3,17/08/2022,4,,,,,,,,,,,
Moorabool,Moorabool,Bakers Bridge,5, -1 to 0,Nil,0,17/08/2022,4,,,,,,,,,,,
Moorabool,Moorabool,Bakers Bridge,5,0 to 1,Dicot spp.,1,17/08/2022,4,,,,,,,,,,,
Moorabool,Moorabool,Bakers Bridge,5,0 to 1,Lachnagrostis filiformis s.l.,5,17/08/2022,4,,,,,,,,,,,
Moorabool,Moorabool,Bakers Bridge,5,0 to 1,Hypochaeris radicata,2,17/08/2022,4,,,,,,,,,,,
Moorabool,Moorabool,Bakers Bridge,5,0 to 1,Poa labillardierei var. labillardierei,1,17/08/2022,4,,,,,,,,,,,
Moorabool,Moorabool,Bakers Bridge,5,1 to 2,Eucalyptus camaldulensis subsp. camaldulensis,1,17/08/2022,4,,,,,,,,,,,
Moorabool,Moorabool,Bakers Bridge,5,1 to 2,Dichondra repens,2,17/08/2022,4,,,,,,,,,,,
Moorabool,Moorabool,Bakers Bridge,5,1 to 2,Poa labillardierei var. labillardierei,2,17/08/2022,4,,,,,,,,,,,
Moorabool,Moorabool,Bakers Bridge,5,1 to 2,Dicot spp.,1,17/08/2022,4,,,,,,,,,,,
Moorabool,Moorabool,Bakers Bridge,5,1 to 2,Lolium spp.,1,17/08/2022,4,,,,,,,,,,,
Moorabool,Moorabool,Bakers Bridge,5,2 to 3,Lolium spp.,10 to 50,17/08/2022,4,,,,,,,,,,,
Moorabool,Moorabool,Bakers Bridge,5,2 to 3,Poa labillardierei var. labillardierei,2,17/08/2022,4,,,,,,,,,,,
Moorabool,Moorabool,Bakers Bridge,5,2 to 3,Dactylis glomerata,3,17/08/2022,4,,,,,,,,,,,
Moorabool,Moorabool,Bakers Bridge,5,3 to 4,Rumex spp.,1,17/08/2022,4,,,,,,,,,,,
Moorabool,Moorabool,Bakers Bridge,5,3 to 4,Hypochaeris radicata,1,17/08/2022,4,,,,,,,,,,,
Moorabool,Moorabool,Bakers Bridge,5,3 to 4,Lolium spp.,10 to 50,17/08/2022,4,,,,,,,,,,,
Moorabool,Moorabool,Bakers Bridge,5,3 to 4,Poa labillardierei var. labillardierei,5,17/08/2022,4,,,,,,,,,,,
Moorabool,Moorabool,Bakers Bridge,5,3 to 4,Dactylis glomerata,2,17/08/2022,4,,,,,,,,,,,
Moorabool,Moorabool,Bakers Bridge,6,T6 not found,T6 not found,T6 not found,17/08/2022,4,T6 not found,,,,,,,,,,
Moorabool,Moorabool,Bakers Bridge,7,T7 not found,T7 not found,T7 not found,17/08/2022,4,T7 not found,,,,,,,,,,
Moorabool,Moorabool,Bakers Bridge,8, -1 to 0,Lachnagrostis filiformis s.l.,10 to 50,17/08/2022,4,,,,,,,,,,,
Moorabool,Moorabool,Bakers Bridge,8, -1 to 0,Raphanus raphanistrum,5,17/08/2022,4,,,,,,,,,,,
Moorabool,Moorabool,Bakers Bridge,8, -1 to 0,Helminthotheca echioides,5,17/08/2022,4,,,,,,,,,,,
Moorabool,Moorabool,Bakers Bridge,8, -1 to 0,Rumex spp.,2,17/08/2022,4,,,,,,,,,,,
Moorabool,Moorabool,Bakers Bridge,8,0 to 1,Lolium spp.,5,17/08/2022,4,,,,,,,,,,,
Moorabool,Moorabool,Bakers Bridge,8,0 to 1,Poa labillardierei var. labillardierei,5,17/08/2022,4,,,,,,,,,,,
Moorabool,Moorabool,Bakers Bridge,8,0 to 1,Dicot spp.,1,17/08/2022,4,,,,,,,,,,,
Moorabool,Moorabool,Bakers Bridge,8,1 to 2,Lolium spp.,10 to 50,17/08/2022,4,,,,,,,,,,,
Moorabool,Moorabool,Bakers Bridge,8,1 to 2,Poa labillardierei var. labillardierei,10 to 50,17/08/2022,4,,,,,,,,,,,
Moorabool,Moorabool,Bakers Bridge,8,1 to 2,Marrubium vulgare,1,17/08/2022,4,,,,,,,,,,,
Moorabool,Moorabool,Bakers Bridge,8,1 to 2,Eucalyptus camaldulensis subsp. camaldulensis,2,17/08/2022,4,,,,,,,,,,,
Moorabool,Moorabool,Bakers Bridge,8,1 to 2,Helminthotheca echioides,2,17/08/2022,4,,,,,,,,,,,
Moorabool,Moorabool,Bakers Bridge,8,1 to 2,Dicot spp.,1,17/08/2022,4,"(no number written, presumably 1)",,,,,,,,,,
Moorabool,Moorabool,Bakers Bridge,8,2 to 3,Solanum nigrum,2,17/08/2022,4,,,,,,,,,,,
Moorabool,Moorabool,Bakers Bridge,8,3 to 4,Poa annua,2,17/08/2022,4,,,,,,,,,,,
Moorabool,Moorabool,Bakers Bridge,8,3 to 4,Poa labillardierei var. labillardierei,3,17/08/2022,4,,,,,,,,,,,
Moorabool,Moorabool,Bakers Bridge,9, -1 to 0,Nil,0,17/08/2022,4,,,,,,,,,,,
Moorabool,Moorabool,Bakers Bridge,9,0 to 1,Helminthotheca echioides,10 to 50,17/08/2022,4,,,,,,,,,,,
Moorabool,Moorabool,Bakers Bridge,9,0 to 1,Poa labillardierei var. labillardierei,2,17/08/2022,4,,,,,,,,,,,
Moorabool,Moorabool,Bakers Bridge,9,0 to 1,Dicot spp.,1,17/08/2022,4,,,,,,,,,,,
Moorabool,Moorabool,Bakers Bridge,9,0 to 1,Lachnagrostis filiformis s.l.,1,17/08/2022,4,,,,,,,,,,,
Moorabool,Moorabool,Bakers Bridge,9,1 to 2,Raphanus raphanistrum,2,17/08/2022,4,,,,,,,,,,,
Moorabool,Moorabool,Bakers Bridge,9,1 to 2,Hypochaeris radicata,1,17/08/2022,4,,,,,,,,,,,
Moorabool,Moorabool,Bakers Bridge,9,1 to 2,Dicot spp.,2,17/08/2022,4,,,,,,,,,,,
Moorabool,Moorabool,Bakers Bridge,9,2 to 3,"Not recorded, presumably nil?",0,17/08/2022,4,"Not recorded, presumably nil?",,,,,,,,,,
Moorabool,Moorabool,Bakers Bridge,9,3 to 4,"Not recorded, presumably nil?",0,17/08/2022,4,"Not recorded, presumably nil?",,,,,,,,,,
Moorabool,Moorabool,Bakers Bridge,10, -1 to 0,"Not recorded, presumably nil?",0,17/08/2022,4,"Not recorded, presumably nil?",,,,,,,,,,
Moorabool,Moorabool,Bakers Bridge,10,0 to 1,Poa labillardierei var. labillardierei,3,17/08/2022,4,,,,,,,,,,,
Moorabool,Moorabool,Bakers Bridge,10,0 to 1,Isolepis inundata,5,17/08/2022,4,,,,,,,,,,,
Moorabool,Moorabool,Bakers Bridge,10,1 to 2,Plantago lanceolata,1,17/08/2022,4,,,,,,,,,,,
Moorabool,Moorabool,Bakers Bridge,10,1 to 2,Raphanus raphanistrum,2,17/08/2022,4,,,,,,,,,,,
Moorabool,Moorabool,Bakers Bridge,10,1 to 2,Bromus catharticus,1,17/08/2022,4,,,,,,,,,,,
Moorabool,Moorabool,Bakers Bridge,10,1 to 2,Silybum marianum,1,17/08/2022,4,,,,,,,,,,,
Moorabool,Moorabool,Bakers Bridge,10,1 to 2,Dicot spp.,1,17/08/2022,4,,,,,,,,,,,
Moorabool,Moorabool,Bakers Bridge,10,2 to 3,Plantago lanceolata,2,17/08/2022,4,,,,,,,,,,,
Moorabool,Moorabool,Bakers Bridge,10,2 to 3,Raphanus raphanistrum,3,17/08/2022,4,,,,,,,,,,,
Moorabool,Moorabool,Bakers Bridge,10,2 to 3,Silybum marianum,2,17/08/2022,4,,,,,,,,,,,
Moorabool,Moorabool,Bakers Bridge,10,2 to 3,Dicot spp.,1,17/08/2022,4,,,,,,,,,,,
Moorabool,Moorabool,Bakers Bridge,10,2 to 3,Phalaris aquatica,1,17/08/2022,4,"(no number written, presumably 1)",,,,,,,,,,
Moorabool,Moorabool,Bakers Bridge,10,2 to 3,Poa labillardierei var. labillardierei,1,17/08/2022,4,"(no number written, presumably 1)",,,,,,,,,,
Moorabool,Moorabool,Bakers Bridge,10,3 to 4,Bromus catharticus,10 to 50,17/08/2022,4,,,,,,,,,,,
Moorabool,Moorabool,Bakers Bridge,10,3 to 4,Dicot spp.,2,17/08/2022,4,,,,,,,,,,,
Moorabool,Moorabool,Bakers Bridge,10,4 to 5,Bromus catharticus,10 to 50,17/08/2022,4,,,,,,,,,,,
Moorabool,Moorabool,Sharps Rd,1, -1 to 0,Nil,0,17/08/2022,4,,,,,,,,,,,
Moorabool,Moorabool,Sharps Rd,1,0 to 1,Eucalyptus camaldulensis subsp. camaldulensis,1,17/08/2022,4,,,,,,,,,,,
Moorabool,Moorabool,Sharps Rd,1,0 to 1,Acacia implexa,2,17/08/2022,4,(not in master list),,,,,,,,,,
Moorabool,Moorabool,Sharps Rd,1,0 to 1,Bromus spp.,2,17/08/2022,4,,,,,,,,,,,
Moorabool,Moorabool,Sharps Rd,1,0 to 1,Hypochaeris radicata,1,17/08/2022,4,,,,,,,,,,,
Moorabool,Moorabool,Sharps Rd,1,0 to 1,Dicot spp.,1,17/08/2022,4,,,,,,,,,,,
Moorabool,Moorabool,Sharps Rd,1,1 to 2,Dicot spp.,1,17/08/2022,4,,,,,,,,,,,
Moorabool,Moorabool,Sharps Rd,1,1 to 2,Lolium spp.,10 to 50,17/08/2022,4,,,,,,,,,,,
Moorabool,Moorabool,Sharps Rd,1,1 to 2,Bromus spp.,10 to 50,17/08/2022,4,,,,,,,,,,,
Moorabool,Moorabool,Sharps Rd,1,1 to 2,Ehrharta spp.,5,17/08/2022,4,,,,,,,,,,,
Moorabool,Moorabool,Sharps Rd,1,1 to 2,Rytidosperma spp.,5,17/08/2022,4,,,,,,,,,,,
Moorabool,Moorabool,Sharps Rd,2, -1 to 0,Ehrharta erecta var. erecta,10 to 50,17/08/2022,4,,,,,,,,,,,
Moorabool,Moorabool,Sharps Rd,2, -1 to 0,Microlaena stipoides var. stipoides,10 to 50,17/08/2022,4,,,,,,,,,,,
Moorabool,Moorabool,Sharps Rd,2, -1 to 0,Sonchus oleraceus,3,17/08/2022,4,,,,,,,,,,,
Moorabool,Moorabool,Sharps Rd,2,0 to 1,Dactylis glomerata,5,17/08/2022,4,,,,,,,,,,,
Moorabool,Moorabool,Sharps Rd,2,0 to 1,Ehrharta erecta var. erecta,10 to 50,17/08/2022,4,,,,,,,,,,,
Moorabool,Moorabool,Sharps Rd,2,0 to 1,Microlaena stipoides var. stipoides,10 to 50,17/08/2022,4,,,,,,,,,,,
Moorabool,Moorabool,Sharps Rd,2,0 to 1,Sonchus oleraceus,4,17/08/2022,4,,,,,,,,,,,
Moorabool,Moorabool,Sharps Rd,2,0 to 1,Bromus catharticus,3,17/08/2022,4,,,,,,,,,,,
Moorabool,Moorabool,Sharps Rd,2,1 to 2,Nil,0,17/08/2022,4,,,,,,,,,,,
Moorabool,Moorabool,Sharps Rd,2,2 to 3,"""Exotic geophyte""",5,17/08/2022,4,"""Exotic geophyte""",,,,,,,,,,
Moorabool,Moorabool,Sharps Rd,3, -1 to 0,Nil,0,17/08/2022,4,,,,,,,,,,,
Moorabool,Moorabool,Sharps Rd,3,0 to 1,Ehrharta erecta var. erecta,10 to 50,17/08/2022,4,,,,,,,,,,,
Moorabool,Moorabool,Sharps Rd,3,0 to 1,Dicot spp.,1,17/08/2022,4,,,,,,,,,,,
Moorabool,Moorabool,Sharps Rd,3,1 to 2,Dicot spp.,3,17/08/2022,4,,,,,,,,,,,
Moorabool,Moorabool,Sharps Rd,3,1 to 2,Ehrharta erecta var. erecta,10 to 50,17/08/2022,4,,,,,,,,,,,
Moorabool,Moorabool,Sharps Rd,3,1 to 2,Bromus catharticus,5,17/08/2022,4,,,,,,,,,,,
Moorabool,Moorabool,Sharps Rd,3,2 to 3,Nil,0,17/08/2022,4,,,,,,,,,,,
Moorabool,Moorabool,Sharps Rd,4, -1 to 0,Nil,0,17/08/2022,4,,,,,,,,,,,
Moorabool,Moorabool,Sharps Rd,4,0 to 1,Ehrharta erecta var. erecta,10 to 50,17/08/2022,4,,,,,,,,,,,
Moorabool,Moorabool,Sharps Rd,4,0 to 1,Dactylis glomerata,3,17/08/2022,4,,,,,,,,,,,
Moorabool,Moorabool,Sharps Rd,4,0 to 1,Poa labillardierei var. labillardierei,2,17/08/2022,4,,,,,,,,,,,
Moorabool,Moorabool,Sharps Rd,4,0 to 1,Hypochaeris radicata,1,17/08/2022,4,,,,,,,,,,,
Moorabool,Moorabool,Sharps Rd,4,1 to 2,Nil,0,17/08/2022,4,,,,,,,,,,,
Moorabool,Moorabool,Sharps Rd,5, -1 to 0,Nil,0,17/08/2022,4,,,,,,,,,,,
Moorabool,Moorabool,Sharps Rd,5,0 to 1,Nil,0,17/08/2022,4,,,,,,,,,,,
Moorabool,Moorabool,Sharps Rd,5,1 to 2,"""?Gladiolus""",10 to 50,17/08/2022,4,"""?Gladiolus""",,,,,,,,,,
Moorabool,Moorabool,Sharps Rd,5,2 to 3,Nil,0,17/08/2022,4,,,,,,,,,,,
Moorabool,Moorabool,Sharps Rd,5,3 to 4,"No species recorded, presumably nil?",0,17/08/2022,4,"No species recorded, presumably nil?",,,,,,,,,,
Moorabool,Moorabool,Sharps Rd,6, -1 to 0,Dicot spp.,2,17/08/2022,4,,,,,,,,,,,
Moorabool,Moorabool,Sharps Rd,6, -1 to 0,Ehrharta erecta var. erecta,3,17/08/2022,4,,,,,,,,,,,
Moorabool,Moorabool,Sharps Rd,6,0 to 1,Cirsium vulgare,1,17/08/2022,4,,,,,,,,,,,
Moorabool,Moorabool,Sharps Rd,6,0 to 1,Ehrharta erecta var. erecta,4,17/08/2022,4,,,,,,,,,,,
Moorabool,Moorabool,Sharps Rd,6,1 to 2,Poa labillardierei var. labillardierei,1,17/08/2022,4,,,,,,,,,,,
Moorabool,Moorabool,Sharps Rd,6,1 to 2,Ehrharta erecta var. erecta,2,17/08/2022,4,,,,,,,,,,,
Moorabool,Moorabool,Sharps Rd,7, -1 to 0,Nil,0,17/08/2022,4,,,,,,,,,,,
Moorabool,Moorabool,Sharps Rd,7,0 to 1,Ehrharta erecta var. erecta,3,17/08/2022,4,,,,,,,,,,,
Moorabool,Moorabool,Sharps Rd,7,0 to 1,Sonchus oleraceus,1,17/08/2022,4,,,,,,,,,,,
Moorabool,Moorabool,Sharps Rd,7,1 to 2,Ehrharta erecta var. erecta,10 to 50,17/08/2022,4,,,,,,,,,,,
Moorabool,Moorabool,Sharps Rd,8,No records for transect 8 - the pegs weren't found in survey #5 but it was completed based on previous photos - it's possible that T8 in survey 4 exists in another book but unlikely?,No records for transect 8 - the pegs weren't found in survey #5 but it was completed based on previous photos - it's possible that T8 in survey 4 exists in another book but unlikely?,No records for transect 8 - the pegs weren't found in survey #5 but it was completed based on previous photos - it's possible that T8 in survey 4 exists in another book but unlikely?,17/08/2022,4,No records for transect 8 - the pegs weren't found in survey #5 but it was completed based on previous photos - it's possible that T8 in survey 4 exists in another book but unlikely?,,,,,,,,,,
Moorabool,Moorabool,Sharps Rd,9,No records for transect 9 - however it was done in survey #5 (though seems out of order between T7 and T8) so it's possible it was found in #4 but is in another book?,No records for transect 9 - however it was done in survey #5 (though seems out of order between T7 and T8) so it's possible it was found in #4 but is in another book?,No records for transect 9 - however it was done in survey #5 (though seems out of order between T7 and T8) so it's possible it was found in #4 but is in another book?,17/08/2022,4,No records for transect 9 - however it was done in survey #5 (though seems out of order between T7 and T8) so it's possible it was found in #4 but is in another book?,,,,,,,,,,
Moorabool,Moorabool,Sharps Rd,10,No records for transect 10 - the top peg was found in survey #5 so it's possible it was found in #4 but is in another book?,No records for transect 10 - the top peg was found in survey #5 so it's possible it was found in #4 but is in another book?,No records for transect 10 - the top peg was found in survey #5 so it's possible it was found in #4 but is in another book?,17/08/2022,4,No records for transect 10 - the top peg was found in survey #5 so it's possible it was found in #4 but is in another book?,,,,,,,,,,
Moorabool,Moorabool,Hunts Bridge,10, -1 to 0,Galium aparine,1,18/08/2022,4,,,,,,,,,,,
Moorabool,Moorabool,Hunts Bridge,10,0 to 1,Galium aparine,3,18/08/2022,4,,,,,,,,,,,
Moorabool,Moorabool,Hunts Bridge,10,0 to 1,Eucalyptus camaldulensis subsp. camaldulensis,5,18/08/2022,4,,,,,,,,,,,
Moorabool,Moorabool,Hunts Bridge,10,0 to 1,Dicot spp.,2,18/08/2022,4,,,,,,,,,,,
Moorabool,Moorabool,Hunts Bridge,10,1 to 2,Galium aparine,10 to 50,18/08/2022,4,,,,,,,,,,,
Moorabool,Moorabool,Hunts Bridge,10,1 to 2,Dicot spp.,3,18/08/2022,4,,,,,,,,,,,
Moorabool,Moorabool,Hunts Bridge,10,1 to 2,Bromus diandrus,10 to 50,18/08/2022,4,,,,,,,,,,,
Moorabool,Moorabool,Hunts Bridge,10,1 to 2,Cardamine spp.,1,18/08/2022,4,,,,,,,,,,,
Moorabool,Moorabool,Hunts Bridge,10,2 to 3,Cardamine spp.,3,18/08/2022,4,,,,,,,,,,,
Moorabool,Moorabool,Hunts Bridge,10,2 to 3,Galium aparine,5,18/08/2022,4,,,,,,,,,,,
Moorabool,Moorabool,Hunts Bridge,10,2 to 3,Bromus diandrus,2,18/08/2022,4,,,,,,,,,,,
Moorabool,Moorabool,Hunts Bridge,10,3 to 4,Senecio runcinifolius,1,18/08/2022,4,,,,,,,,,,,
Moorabool,Moorabool,Hunts Bridge,10,3 to 4,Cardamine spp.,2,18/08/2022,4,,,,,,,,,,,
Moorabool,Moorabool,Hunts Bridge,10,3 to 4,Bromus diandrus,10 to 50,18/08/2022,4,,,,,,,,,,,
Moorabool,Moorabool,Hunts Bridge,10,4 to 5,Bromus diandrus,10 to 50,18/08/2022,4,,,,,,,,,,,
Moorabool,Moorabool,Hunts Bridge,10,4 to 5,Cardamine spp.,5,18/08/2022,4,,,,,,,,,,,
Moorabool,Moorabool,Hunts Bridge,10,4 to 5,Senecio runcinifolius,2,18/08/2022,4,,,,,,,,,,,
Moorabool,Moorabool,Hunts Bridge,9, -1 to 0,Cardamine spp.,5,18/08/2022,4,,,,,,,,,,,
Moorabool,Moorabool,Hunts Bridge,9, -1 to 0,Galium aparine,10,18/08/2022,4,,,,,,,,,,,
Moorabool,Moorabool,Hunts Bridge,9,0 to 1,Cardamine spp.,10 to 50,18/08/2022,4,,,,,,,,,,,
Moorabool,Moorabool,Hunts Bridge,9,0 to 1,Dicot spp.,2,18/08/2022,4,,,,,,,,,,,
Moorabool,Moorabool,Hunts Bridge,9,0 to 1,Galium aparine,2,18/08/2022,4,,,,,,,,,,,
Moorabool,Moorabool,Hunts Bridge,9,1 to 2,Cardamine spp.,1,18/08/2022,4,,,,,,,,,,,
Moorabool,Moorabool,Hunts Bridge,9,1 to 2,Bromus diandrus,1,18/08/2022,4,,,,,,,,,,,
Moorabool,Moorabool,Hunts Bridge,9,2 to 3,Senecio runcinifolius,10 to 50,18/08/2022,4,,,,,,,,,,,
Moorabool,Moorabool,Hunts Bridge,9,2 to 3,Cardamine spp.,10 to 50,18/08/2022,4,,,,,,,,,,,
Moorabool,Moorabool,Hunts Bridge,9,2 to 3,Bromus diandrus,10 to 50,18/08/2022,4,,,,,,,,,,,
Moorabool,Moorabool,Hunts Bridge,9,2 to 3,"""?Vulpia spp.""",10 to 50,18/08/2022,4,"""?Vulpia spp.""",,,,,,,,,,
Moorabool,Moorabool,Hunts Bridge,9,3 to 4,Vulpia spp.,100+,18/08/2022,4,"Not sure if you write ""100+ or something else?",,,,,,,,,,
Moorabool,Moorabool,Hunts Bridge,9,3 to 4,Bromus diandrus,10 to 50,18/08/2022,4,,,,,,,,,,,
Moorabool,Moorabool,Hunts Bridge,9,3 to 4,Senecio runcinifolius,10 to 50,18/08/2022,4,,,,,,,,,,,
Moorabool,Moorabool,Hunts Bridge,9,3 to 4,Hypochaeris radicata,2,18/08/2022,4,,,,,,,,,,,
Moorabool,Moorabool,Hunts Bridge,8, -1 to 0,Microlaena stipoides var. stipoides,2,18/08/2022,4,,,,,,,,,,,
Moorabool,Moorabool,Hunts Bridge,8, -1 to 0,Vulpia spp.,2,18/08/2022,4,,,,,,,,,,,
Moorabool,Moorabool,Hunts Bridge,8,0 to 1,Bromus diandrus,10 to 50,18/08/2022,4,,,,,,,,,,,
Moorabool,Moorabool,Hunts Bridge,8,0 to 1,Vulpia spp.,10 to 50,18/08/2022,4,,,,,,,,,,,
Moorabool,Moorabool,Hunts Bridge,8,0 to 1,Cardamine spp.,10 to 50,18/08/2022,4,,,,,,,,,,,
Moorabool,Moorabool,Hunts Bridge,8,0 to 1,Galium aparine,10 to 50,18/08/2022,4,,,,,,,,,,,
Moorabool,Moorabool,Hunts Bridge,8,1 to 2,Cardamine spp.,10 to 50,18/08/2022,4,,,,,,,,,,,
Moorabool,Moorabool,Hunts Bridge,8,1 to 2,Cirsium vulgare,2,18/08/2022,4,"(looks like ""Cirs vuld"", presumably meant ""cirs vulg"")",,,,,,,,,,
Moorabool,Moorabool,Hunts Bridge,8,1 to 2,Bromus diandrus,10 to 50,18/08/2022,4,,,,,,,,,,,
Moorabool,Moorabool,Hunts Bridge,8,1 to 2,Vulpia spp.,10 to 50,18/08/2022,4,,,,,,,,,,,
Moorabool,Moorabool,Hunts Bridge,8,1 to 2,Galium aparine,5,18/08/2022,4,,,,,,,,,,,
Moorabool,Moorabool,Hunts Bridge,8,1 to 2,Anthoxanthum odoratum,5,18/08/2022,4,,,,,,,,,,,
Moorabool,Moorabool,Hunts Bridge,8,2 to 3,Cardamine spp.,10 to 50,18/08/2022,4,,,,,,,,,,,
Moorabool,Moorabool,Hunts Bridge,8,2 to 3,Bromus diandrus,10 to 50,18/08/2022,4,,,,,,,,,,,
Moorabool,Moorabool,Hunts Bridge,8,2 to 3,Vulpia spp.,10 to 50,18/08/2022,4,,,,,,,,,,,
Moorabool,Moorabool,Hunts Bridge,8,2 to 3,Dicot spp.,2,18/08/2022,4,,,,,,,,,,,
Moorabool,Moorabool,Hunts Bridge,7,No records for transect 7. Assume it wasn't found (and isn't just in another book) as there's a note in the survey 5 records that T7 wasn't found in #4 (also wasn't found in survey #5). ,No records for transect 7. Assume it wasn't found (and isn't just in another book) as there's a note in the survey 5 records that T7 wasn't found in #4 (also wasn't found in survey #5). ,No records for transect 7. Assume it wasn't found (and isn't just in another book) as there's a note in the survey 5 records that T7 wasn't found in #4 (also wasn't found in survey #5). ,18/08/2022,4,No records for transect 7. Assume it wasn't found (and isn't just in another book) as there's a note in the survey 5 records that T7 wasn't found in #4 (also wasn't found in survey #5). ,,,,,,,,,,
Moorabool,Moorabool,Hunts Bridge,6, -1 to 0,Hypochaeris radicata,2,18/08/2022,4,,,,,,,,,,,
Moorabool,Moorabool,Hunts Bridge,6, -1 to 0,Galium aparine,2,18/08/2022,4,,,,,,,,,,,
Moorabool,Moorabool,Hunts Bridge,6, -1 to 0,Dicot spp.,4,18/08/2022,4,,,,,,,,,,,
Moorabool,Moorabool,Hunts Bridge,6,0 to 1,Galium aparine,1,18/08/2022,4,,,,,,,,,,,
Moorabool,Moorabool,Hunts Bridge,6,0 to 1,Dicot spp.,2,18/08/2022,4,,,,,,,,,,,
Moorabool,Moorabool,Hunts Bridge,6,1 to 2,Dicot spp.,2,18/08/2022,4,,,,,,,,,,,
Moorabool,Moorabool,Hunts Bridge,6,2 to 3,Cardamine spp.,10 to 50,18/08/2022,4,,,,,,,,,,,
Moorabool,Moorabool,Hunts Bridge,6,2 to 3,Vulpia spp.,10 to 50,18/08/2022,4,,,,,,,,,,,
Moorabool,Moorabool,Hunts Bridge,6,2 to 3,Senecio runcinifolius,2,18/08/2022,4,,,,,,,,,,,
Moorabool,Moorabool,Hunts Bridge,6,2 to 3,Bromus spp.,10 to 50,18/08/2022,4,,,,,,,,,,,
Moorabool,Moorabool,Hunts Bridge,6,3 to 4,Vulpia spp.,100+,18/08/2022,4,"Not sure if you write ""100+ or something else?",,,,,,,,,,
Moorabool,Moorabool,Hunts Bridge,6,3 to 4,Cardamine spp.,10 to 50,18/08/2022,4,,,,,,,,,,,
Moorabool,Moorabool,Hunts Bridge,6,3 to 4,Senecio runcinifolius,2,18/08/2022,4,,,,,,,,,,,
Moorabool,Moorabool,Hunts Bridge,5, -1 to 0,Dicot spp.,1,18/08/2022,4,,,,,,,,,,,
Moorabool,Moorabool,Hunts Bridge,5, -1 to 0,Monocot spp.,2,18/08/2022,4,"""Grass monocot""",,,,,,,,,,
Moorabool,Moorabool,Hunts Bridge,5,0 to 1,Vulpia spp.,10 to 50,18/08/2022,4,,,,,,,,,,,
Moorabool,Moorabool,Hunts Bridge,5,0 to 1,Bromus diandrus,10 to 50,18/08/2022,4,,,,,,,,,,,
Moorabool,Moorabool,Hunts Bridge,5,0 to 1,Anthoxanthum odoratum,10 to 50,18/08/2022,4,,,,,,,,,,,
Moorabool,Moorabool,Hunts Bridge,5,0 to 1,Cardamine spp.,3,18/08/2022,4,,,,,,,,,,,
Moorabool,Moorabool,Hunts Bridge,5,1 to 2,Senecio runcinifolius,3,18/08/2022,4,,,,,,,,,,,
Moorabool,Moorabool,Hunts Bridge,5,1 to 2,Cardamine spp.,2,18/08/2022,4,,,,,,,,,,,
Moorabool,Moorabool,Hunts Bridge,5,1 to 2,Vulpia spp.,10 to 50,18/08/2022,4,,,,,,,,,,,
Moorabool,Moorabool,Hunts Bridge,5,1 to 2,Bromus diandrus,10 to 50,18/08/2022,4,"Just wrote ""bromus"", presumably diandrus as it is in 0-1m and 2-3m",,,,,,,,,,
Moorabool,Moorabool,Hunts Bridge,5,2 to 3,Vulpia spp.,50 to 100,18/08/2022,4,,,,,,,,,,,
Moorabool,Moorabool,Hunts Bridge,5,2 to 3,Bromus diandrus,10 to 50,18/08/2022,4,,,,,,,,,,,
Moorabool,Moorabool,Hunts Bridge,5,2 to 3,Galium aparine,3,18/08/2022,4,,,,,,,,,,,
Moorabool,Moorabool,Hunts Bridge,5,2 to 3,Sonchus oleraceus,1,18/08/2022,4,,,,,,,,,,,
Moorabool,Moorabool,Hunts Bridge,5,2 to 3,Senecio runcinifolius,2,18/08/2022,4,,,,,,,,,,,
Moorabool,Moorabool,Hunts Bridge,4, -1 to 0,Cardamine spp.,2,18/08/2022,4,,,,,,,,,,,
Moorabool,Moorabool,Hunts Bridge,4, -1 to 0,Senecio runcinifolius,3,18/08/2022,4,,,,,,,,,,,
Moorabool,Moorabool,Hunts Bridge,4, -1 to 0,Vulpia spp.,10 to 50,18/08/2022,4,,,,,,,,,,,
Moorabool,Moorabool,Hunts Bridge,4,0 to 1,Vulpia spp.,10 to 50,18/08/2022,4,,,,,,,,,,,
Moorabool,Moorabool,Hunts Bridge,4,0 to 1,Bromus spp.,10 to 50,18/08/2022,4,,,,,,,,,,,
Moorabool,Moorabool,Hunts Bridge,4,0 to 1,Cardamine spp.,2,18/08/2022,4,,,,,,,,,,,
Moorabool,Moorabool,Hunts Bridge,4,0 to 1,Senecio runcinifolius,1,18/08/2022,4,,,,,,,,,,,
Moorabool,Moorabool,Hunts Bridge,4,1 to 2,Bromus diandrus,10 to 50,18/08/2022,4,,,,,,,,,,,
Moorabool,Moorabool,Hunts Bridge,4,1 to 2,Vulpia spp.,10 to 50,18/08/2022,4,,,,,,,,,,,
Moorabool,Moorabool,Hunts Bridge,4,1 to 2,Dicot spp.,2,18/08/2022,4,,,,,,,,,,,
Moorabool,Moorabool,Hunts Bridge,4,2 to 3,Bromus diandrus,10 to 50,18/08/2022,4,,,,,,,,,,,
Moorabool,Moorabool,Hunts Bridge,4,2 to 3,Vulpia spp.,10 to 50,18/08/2022,4,,,,,,,,,,,
Moorabool,Moorabool,Hunts Bridge,4,2 to 3,Cardamine spp.,10 to 50,18/08/2022,4,,,,,,,,,,,
Moorabool,Moorabool,Hunts Bridge,4,2 to 3,Fumaria bastardii,2,18/08/2022,4,(Not in the master list),,,,,,,,,,
Moorabool,Moorabool,Hunts Bridge,4,2 to 3,Dicot spp.,3,18/08/2022,4,,,,,,,,,,,
Moorabool,Moorabool,Hunts Bridge,3,"No records for transect 3 - NOTE  in survey 5 (dec 2022), the bottom peg is found with the comment that it likely would've been hidden by BB in this survey (#4)","No records for transect 3 - NOTE  in survey 5 (dec 2022), the bottom peg is found with the comment that it likely would've been hidden by BB in this survey (#4)","No records for transect 3 - NOTE  in survey 5 (dec 2022), the bottom peg is found with the comment that it likely would've been hidden by BB in this survey (#4)",18/08/2022,4,"No records for transect 3 - NOTE  in survey 5 (dec 2022), the bottom peg is found with the comment that it likely would've been hidden by BB in this survey (#4)",,,,,,,,,,
Moorabool,Moorabool,Hunts Bridge,2, -1 to 0,Dicot spp.,2,18/08/2022,4,,,,,,,,,,,
Moorabool,Moorabool,Hunts Bridge,2,0 to 1,Vulpia spp.,5,18/08/2022,4,,,,,,,,,,,
Moorabool,Moorabool,Hunts Bridge,2,0 to 1,Briza maxima,5,18/08/2022,4,,,,,,,,,,,
Moorabool,Moorabool,Hunts Bridge,2,1 to 2,Cardamine spp.,10 to 50,18/08/2022,4,,,,,,,,,,,
Moorabool,Moorabool,Hunts Bridge,2,1 to 2,Dicot spp.,5,18/08/2022,4,,,,,,,,,,,
Moorabool,Moorabool,Hunts Bridge,2,1 to 2,Briza maxima,5,18/08/2022,4,,,,,,,,,,,
Moorabool,Moorabool,Hunts Bridge,2,2 to 3,Bromus diandrus,10 to 50,18/08/2022,4,,,,,,,,,,,
Moorabool,Moorabool,Hunts Bridge,2,2 to 3,Cardamine spp.,10 to 50,18/08/2022,4,,,,,,,,,,,
Moorabool,Moorabool,Hunts Bridge,2,2 to 3,Briza maxima,10 to 50,18/08/2022,4,,,,,,,,,,,
Moorabool,Moorabool,Hunts Bridge,2,3 to 4,Hypochaeris radicata,1,18/08/2022,4,,,,,,,,,,,
Moorabool,Moorabool,Hunts Bridge,2,3 to 4,Briza spp.,50 to 100,18/08/2022,4,,,,,,,,,,,
Moorabool,Moorabool,Hunts Bridge,2,3 to 4,Bromus diandrus,10 to 50,18/08/2022,4,,,,,,,,,,,
Moorabool,Moorabool,Hunts Bridge,2,3 to 4,Cardamine spp.,10 to 50,18/08/2022,4,,,,,,,,,,,
Moorabool,Moorabool,Hunts Bridge,2,3 to 4,Galium aparine,10 to 50,18/08/2022,4,,,,,,,,,,,
Moorabool,Moorabool,Hunts Bridge,2,3 to 4,Senecio runcinifolius,10 to 50,18/08/2022,4,,,,,,,,,,,
Moorabool,Moorabool,Hunts Bridge,1, -1 to 0,Senecio runcinifolius,1,18/08/2022,4,,,,,,,,,,,
Moorabool,Moorabool,Hunts Bridge,1, -1 to 0,Galium aparine,2,18/08/2022,4,,,,,,,,,,,
Moorabool,Moorabool,Hunts Bridge,1, -1 to 0,Cardamine spp.,4,18/08/2022,4,,,,,,,,,,,
Moorabool,Moorabool,Hunts Bridge,1, -1 to 0,Bromus diandrus,3,18/08/2022,4,,,,,,,,,,,
Moorabool,Moorabool,Hunts Bridge,1,0 to 1,Cardamine spp.,10 to 50,18/08/2022,4,,,,,,,,,,,
Moorabool,Moorabool,Hunts Bridge,1,0 to 1,Bromus diandrus,10 to 50,18/08/2022,4,,,,,,,,,,,
Moorabool,Moorabool,Hunts Bridge,1,0 to 1,Senecio runcinifolius,3,18/08/2022,4,,,,,,,,,,,
Moorabool,Moorabool,Hunts Bridge,1,0 to 1,Galium aparine,10 to 50,18/08/2022,4,,,,,,,,,,,
Moorabool,Moorabool,Hunts Bridge,1,0 to 1,Briza maxima,10 to 50,18/08/2022,4,,,,,,,,,,,
Moorabool,Moorabool,Hunts Bridge,1,1 to 2,Bromus diandrus,10 to 50,18/08/2022,4,,,,,,,,,,,
Moorabool,Moorabool,Hunts Bridge,1,1 to 2,Briza maxima,10 to 50,18/08/2022,4,,,,,,,,,,,
Moorabool,Moorabool,Hunts Bridge,1,1 to 2,Cardamine spp.,10 to 50,18/08/2022,4,,,,,,,,,,,
Moorabool,Moorabool,Hunts Bridge,1,1 to 2,Vulpia spp.,10 to 50,18/08/2022,4,,,,,,,,,,,
Moorabool,Moorabool,Hunts Bridge,10, -1 to 0,Monocot spp.,1,6/12/2022,5,,,,,,,,,,,
Moorabool,Moorabool,Hunts Bridge,10,0 to 1,Dicot spp.,10 to 50,6/12/2022,5,,,,,,,,,,,
Moorabool,Moorabool,Hunts Bridge,10,1 to 2,Monocot spp.,4,6/12/2022,5,,,,,,,,,,,
Moorabool,Moorabool,Hunts Bridge,10,1 to 2,Dicot spp.,1,6/12/2022,5,,,,,,,,,,,
Moorabool,Moorabool,Hunts Bridge,10,2 to 3,Monocot spp.,10 to 50,6/12/2022,5,,,,,,,,,,,
Moorabool,Moorabool,Hunts Bridge,10,2 to 3,Dicot spp.,3,6/12/2022,5,,,,,,,,,,,
Moorabool,Moorabool,Hunts Bridge,10,3 to 4,Hypochaeris radicata,1,6/12/2022,5,,,,,,,,,,,
Moorabool,Moorabool,Hunts Bridge,10,3 to 4,Dicot spp.,2,6/12/2022,5,,,,,,,,,,,
Moorabool,Moorabool,Hunts Bridge,10,4 to 5,Dicot spp.,2,6/12/2022,5,,,,,,,,,,,
Moorabool,Moorabool,Hunts Bridge,9, -1 to 0,Nil,0,6/12/2022,5,,,,,,,,,,,
Moorabool,Moorabool,Hunts Bridge,9,0 to 1,Monocot spp.,0,6/12/2022,5,,,,,,,,,,,
Moorabool,Moorabool,Hunts Bridge,9,1 to 2,Dicot spp.,1,6/12/2022,5,,,,,,,,,,,
Moorabool,Moorabool,Hunts Bridge,9,2 to 3,Dicot spp.,10 to 50,6/12/2022,5,,,,,,,,,,,
Moorabool,Moorabool,Hunts Bridge,9,3 to 4,Senecio prenanthoides,1,6/12/2022,5,(not in the master list),,,,,,,,,,
Moorabool,Moorabool,Hunts Bridge,9,3 to 4,Dicot spp.,7,6/12/2022,5,,,,,,,,,,,
Moorabool,Moorabool,Hunts Bridge,9,3 to 4,Hypochaeris radicata,2,6/12/2022,5,,,,,,,,,,,
Moorabool,Moorabool,Hunts Bridge,8, -1 to 0,Nil,0,6/12/2022,5,"T8 - no stakes found. ""Note to Chris - we couldn't locate pegs, lots of change since last survey so have lined up the transect as best we could using the photos. No Goodenia ovata anywhere in sight and a new giant log has washed in. Likely pegs gone"".",,,,,,,,,,
Moorabool,Moorabool,Hunts Bridge,8,0 to 1,Nil,0,6/12/2022,5,,,,,,,,,,,
Moorabool,Moorabool,Hunts Bridge,8,1 to 2,Hypochaeris radicata,2,6/12/2022,5,,,,,,,,,,,
Moorabool,Moorabool,Hunts Bridge,8,2 to 3,Senecio spp.,1,6/12/2022,5,,,,,,,,,,,
Moorabool,Moorabool,Hunts Bridge,8,2 to 3,Rubus spp.,1,6/12/2022,5,,,,,,,,,,,
Moorabool,Moorabool,Hunts Bridge,8,2 to 3,Monocot spp.,3,6/12/2022,5,,,,,,,,,,,
Moorabool,Moorabool,Hunts Bridge,7,T7 not found,T7 not found,,6/12/2022,5,"T7 not found - ""wasn't found in Aug, couldn't find it this trip either so skipped. Very bare, hardly any veg anyway from the high flows.",,,,,,,,,,
Moorabool,Moorabool,Hunts Bridge,6, -1 to 0,Nil,0,6/12/2022,5,,,,,,,,,,,
Moorabool,Moorabool,Hunts Bridge,6,0 to 1,Eucalyptus camaldulensis subsp. camaldulensis,1,6/12/2022,5,,,,,,,,,,,
Moorabool,Moorabool,Hunts Bridge,6,0 to 1,Monocot spp.,4,6/12/2022,5,,,,,,,,,,,
Moorabool,Moorabool,Hunts Bridge,6,0 to 1,Dicot spp.,2,6/12/2022,5,,,,,,,,,,,
Moorabool,Moorabool,Hunts Bridge,6,1 to 2,Dicot spp.,3,6/12/2022,5,,,,,,,,,,,
Moorabool,Moorabool,Hunts Bridge,6,1 to 2,Monocot spp.,3,6/12/2022,5,,,,,,,,,,,
Moorabool,Moorabool,Hunts Bridge,6,2 to 3,Dicot spp.,3,6/12/2022,5,,,,,,,,,,,
Moorabool,Moorabool,Hunts Bridge,6,3 to 4,Hypochaeris radicata,1,6/12/2022,5,,,,,,,,,,,
Moorabool,Moorabool,Hunts Bridge,5, -1 to 0,Nil,0,6/12/2022,5,,,,,,,,,,,
Moorabool,Moorabool,Hunts Bridge,5,0 to 1,Monocot spp.,2,6/12/2022,5,,,,,,,,,,,
Moorabool,Moorabool,Hunts Bridge,5,1 to 2,Monocot spp.,3,6/12/2022,5,,,,,,,,,,,
Moorabool,Moorabool,Hunts Bridge,5,1 to 2,Dicot spp.,4,6/12/2022,5,,,,,,,,,,,
Moorabool,Moorabool,Hunts Bridge,5,2 to 3,Monocot spp.,5,6/12/2022,5,,,,,,,,,,,
Moorabool,Moorabool,Hunts Bridge,5,2 to 3,Dicot spp.,3,6/12/2022,5,,,,,,,,,,,
Moorabool,Moorabool,Hunts Bridge,5,3 to 4,Monocot spp.,10 to 50,6/12/2022,5,,,,,,,,,,,
Moorabool,Moorabool,Hunts Bridge,5,3 to 4,Dicot spp.,1,6/12/2022,5,,,,,,,,,,,
Moorabool,Moorabool,Hunts Bridge,4, -1 to 0,Nil,0,6/12/2022,5,,,,,,,,,,,
Moorabool,Moorabool,Hunts Bridge,4,0 to 1,Monocot spp.,6,6/12/2022,5,,,,,,,,,,,
Moorabool,Moorabool,Hunts Bridge,4,0 to 1,Dicot spp.,4,6/12/2022,5,,,,,,,,,,,
Moorabool,Moorabool,Hunts Bridge,4,1 to 2,Monocot spp.,4,6/12/2022,5,,,,,,,,,,,
Moorabool,Moorabool,Hunts Bridge,4,1 to 2,Dicot spp.,3,6/12/2022,5,,,,,,,,,,,
Moorabool,Moorabool,Hunts Bridge,4,2 to 3,Dicot spp.,3,6/12/2022,5,,,,,,,,,,,
Moorabool,Moorabool,Hunts Bridge,4,2 to 3,Sonchus oleraceus,1,6/12/2022,5,,,,,,,,,,,
Moorabool,Moorabool,Hunts Bridge,4,2 to 3,Monocot spp.,3,6/12/2022,5,,,,,,,,,,,
Moorabool,Moorabool,Hunts Bridge,3, -1 to 0,Nil,0,6/12/2022,5,,,,,,,,,,,
Moorabool,Moorabool,Hunts Bridge,3,0 to 1,Dicot spp.,2,6/12/2022,5,,,,,,,,,,,
Moorabool,Moorabool,Hunts Bridge,3,0 to 1,Monocot spp.,10 to 50,6/12/2022,5,,,,,,,,,,,
Moorabool,Moorabool,Hunts Bridge,3,1 to 2,Monocot spp.,7,6/12/2022,5,,,,,,,,,,,
Moorabool,Moorabool,Hunts Bridge,2, -1 to 0,Nil,0,6/12/2022,5,,,,,,,,,,,
Moorabool,Moorabool,Hunts Bridge,2,0 to 1,Nil,0,6/12/2022,5,,,,,,,,,,,
Moorabool,Moorabool,Hunts Bridge,2,1 to 2,Dicot spp.,2,6/12/2022,5,,,,,,,,,,,
Moorabool,Moorabool,Hunts Bridge,2,1 to 2,Hypochaeris radicata,1,6/12/2022,5,,,,,,,,,,,
Moorabool,Moorabool,Hunts Bridge,2,1 to 2,Monocot spp.,3,6/12/2022,5,,,,,,,,,,,
Moorabool,Moorabool,Hunts Bridge,2,2 to 3,Monocot spp.,1,6/12/2022,5,,,,,,,,,,,
Moorabool,Moorabool,Hunts Bridge,2,2 to 3,Dicot spp.,1,6/12/2022,5,,,,,,,,,,,
Moorabool,Moorabool,Hunts Bridge,2,3 to 4,Dicot spp.,1,6/12/2022,5,,,,,,,,,,,
Moorabool,Moorabool,Hunts Bridge,2,3 to 4,Monocot spp.,1,6/12/2022,5,,,,,,,,,,,
Moorabool,Moorabool,Hunts Bridge,2,3 to 4,Hypochaeris radicata,1,6/12/2022,5,,,,,,,,,,,
Moorabool,Moorabool,Hunts Bridge,1,"T1 - ""transect is pretty much covered in heaps/piles of litter (phrag) washed from upstream. Not really any access but if we did the tranect it'd be ~100% litter anyway. Debris is at least 1m deep. Also a casuarina has falledn over and is also covering the plot. See photos taken on same line as transect but from further up the cliff. Can see cycno in the water.""","T1 - ""transect is pretty much covered in heaps/piles of litter (phrag) washed from upstream. Not really any access but if we did the tranect it'd be ~100% litter anyway. Debris is at least 1m deep. Also a casuarina has falledn over and is also covering the plot. See photos taken on same line as transect but from further up the cliff. Can see cycno in the water.""","T1 - ""transect is pretty much covered in heaps/piles of litter (phrag) washed from upstream. Not really any access but if we did the tranect it'd be ~100% litter anyway. Debris is at least 1m deep. Also a casuarina has falledn over and is also covering the plot. See photos taken on same line as transect but from further up the cliff. Can see cycno in the water.""",6/12/2022,5,"T1 - ""transect is pretty much covered in heaps/piles of litter (phrag) washed from upstream. Not really any access but if we did the tranect it'd be ~100% litter anyway. Debris is at least 1m deep. Also a casuarina has falledn over and is also covering the plot. See photos taken on same line as transect but from further up the cliff. Can see cycno in the water.""",,,,,,,,,,
Moorabool,Moorabool,Sharps Rd,1, -1 to 0,Nil,0,6/12/2022,5,,,,,,,,,,,
Moorabool,Moorabool,Sharps Rd,1,0 to 1,Nil,0,6/12/2022,5,,,,,,,,,,,
Moorabool,Moorabool,Sharps Rd,1,1 to 2,Nil,0,6/12/2022,5,,,,,,,,,,,
Moorabool,Moorabool,Sharps Rd,2, -1 to 0,Nil,0,6/12/2022,5,,,,,,,,,,,
Moorabool,Moorabool,Sharps Rd,2,0 to 1,Nil,0,6/12/2022,5,,,,,,,,,,,
Moorabool,Moorabool,Sharps Rd,2,1 to 2,Dicot spp.,5,6/12/2022,5,,,,,,,,,,,
Moorabool,Moorabool,Sharps Rd,2,2 to 3,Dicot spp.,1,6/12/2022,5,,,,,,,,,,,
Moorabool,Moorabool,Sharps Rd,2,2 to 3,Monocot spp.,3,6/12/2022,5,,,,,,,,,,,
Moorabool,Moorabool,Sharps Rd,4,0 to 1,Dicot spp.,1,6/12/2022,5,,,,,,,,,,,
Moorabool,Moorabool,Sharps Rd,4,1 to 2,Dicot spp.,2,6/12/2022,5,,,,,,,,,,,
Moorabool,Moorabool,Sharps Rd,4,2 to 3,Dicot spp.,1,6/12/2022,5,,,,,,,,,,,
Moorabool,Moorabool,Sharps Rd,3, -1 to 0,Nil,0,6/12/2022,5,"T3 - ""Looks like bottom of transect has been washed out; top peg still present but bottom peg gone. "" Came after T4 in the book.",,,,,,,,,,
Moorabool,Moorabool,Sharps Rd,3,0 to 1,Nil,0,6/12/2022,5,,,,,,,,,,,
Moorabool,Moorabool,Sharps Rd,3,1 to 2,Dicot spp.,2,6/12/2022,5,,,,,,,,,,,
Moorabool,Moorabool,Sharps Rd,3,1 to 2,Monocot spp.,3,6/12/2022,5,,,,,,,,,,,
Moorabool,Moorabool,Sharps Rd,3,2 to 3,Nil,0,6/12/2022,5,,,,,,,,,,,
Moorabool,Moorabool,Sharps Rd,5, -1 to 0,Nil,0,6/12/2022,5,,,,,,,,,,,
Moorabool,Moorabool,Sharps Rd,5,0 to 1,Nil,0,6/12/2022,5,,,,,,,,,,,
Moorabool,Moorabool,Sharps Rd,5,1 to 2,Monocot spp.,1,6/12/2022,5,,,,,,,,,,,
Moorabool,Moorabool,Sharps Rd,5,2 to 3,Nil,0,6/12/2022,5,,,,,,,,,,,
Moorabool,Moorabool,Sharps Rd,5,3 to 4,Nil,0,6/12/2022,5,,,,,,,,,,,
Moorabool,Moorabool,Sharps Rd,6, -1 to 0,Nil,0,6/12/2022,5,,,,,,,,,,,
Moorabool,Moorabool,Sharps Rd,6,0 to 1,Nil,0,6/12/2022,5,,,,,,,,,,,
Moorabool,Moorabool,Sharps Rd,6,1 to 2,Dicot spp.,2,6/12/2022,5,,,,,,,,,,,
Moorabool,Moorabool,Sharps Rd,7, -1 to 0,Nil,0,6/12/2022,5,,,,,,,,,,,
Moorabool,Moorabool,Sharps Rd,7,0 to 1,Nil,0,6/12/2022,5,,,,,,,,,,,
Moorabool,Moorabool,Sharps Rd,7,1 to 2,Dicot spp.,2,6/12/2022,5,,,,,,,,,,,
Moorabool,Moorabool,Sharps Rd,9, -1 to 0,Nil,0,6/12/2022,5,,,,,,,,,,,
Moorabool,Moorabool,Sharps Rd,9,0 to 1,Nil,0,6/12/2022,5,,,,,,,,,,,
Moorabool,Moorabool,Sharps Rd,9,1 to 2,Nil?,0?,6/12/2022,5,"Nothing written apart from the ""1-2"" heading, presumably nil??",,,,,,,,,,
Moorabool,Moorabool,Sharps Rd,8, -1 to 0,Nil,0,6/12/2022,5,T8 - note this was after T9 in the book.,,,,,,,,,,
Moorabool,Moorabool,Sharps Rd,8,0 to 1,Nil,0,6/12/2022,5,,,,,,,,,,,
Moorabool,Moorabool,Sharps Rd,8,1 to 2,Dicot spp.,1,6/12/2022,5,,,,,,,,,,,
Moorabool,Moorabool,Sharps Rd,10, -1 to 0,Nil,0,6/12/2022,5,,,,,,,,,,,
Moorabool,Moorabool,Sharps Rd,10,0 to 1,Nil,0,6/12/2022,5,,,,,,,,,,,
Moorabool,Moorabool,Sharps Rd,10,1 to 2,Nil?,0?,6/12/2022,5,"Nothing written apart from the ""1-2"" heading, presumably nil??",,,,,,,,,,
Moorabool,Moorabool,Bakers Bridge,10, -1 to 0,Nil,0,7/12/2022,5,,,,,,,,,,,
Moorabool,Moorabool,Bakers Bridge,10,0 to 1,Nil,0,7/12/2022,5,,,,,,,,,,,
Moorabool,Moorabool,Bakers Bridge,10,1 to 2,Nil,0,7/12/2022,5,,,,,,,,,,,
Moorabool,Moorabool,Bakers Bridge,10,2 to 3,Dicot spp.,3,7/12/2022,5,,,,,,,,,,,
Moorabool,Moorabool,Bakers Bridge,10,3 to 4,Eucalyptus spp.,1,7/12/2022,5,"just wrote ""euc""",,,,,,,,,,
Moorabool,Moorabool,Bakers Bridge,10,3 to 4,Dicot spp.,10 to 50,7/12/2022,5,,,,,,,,,,,
Moorabool,Moorabool,Bakers Bridge,10,3 to 4,Monocot spp.,5,7/12/2022,5,,,,,,,,,,,
Moorabool,Moorabool,Bakers Bridge,9, -1 to 0,Nil,0,7/12/2022,5,,,,,,,,,,,
Moorabool,Moorabool,Bakers Bridge,9,0 to 1,Nil,0,7/12/2022,5,,,,,,,,,,,
Moorabool,Moorabool,Bakers Bridge,9,1 to 2,Nil,0,7/12/2022,5,,,,,,,,,,,
Moorabool,Moorabool,Bakers Bridge,9,2 to 3,Dicot spp.,4,7/12/2022,5,,,,,,,,,,,
Moorabool,Moorabool,Bakers Bridge,9,2 to 3,Monocot spp.,2,7/12/2022,5,,,,,,,,,,,
Moorabool,Moorabool,Bakers Bridge,9,3 to 4,Dicot spp.,3,7/12/2022,5,,,,,,,,,,,
Moorabool,Moorabool,Bakers Bridge,8, -1 to 0,Nil,0,7/12/2022,5,,,,,,,,,,,
Moorabool,Moorabool,Bakers Bridge,8,0 to 1,Nil,0,7/12/2022,5,,,,,,,,,,,
Moorabool,Moorabool,Bakers Bridge,8,1 to 2,Nil,0,7/12/2022,5,,,,,,,,,,,
Moorabool,Moorabool,Bakers Bridge,8,2 to 3,Nil,0,7/12/2022,5,,,,,,,,,,,
Moorabool,Moorabool,Bakers Bridge,8,3 to 4,Nil,0,7/12/2022,5,,,,,,,,,,,
Moorabool,Moorabool,Bakers Bridge,8,4 to 5,Nil,0,7/12/2022,5,,,,,,,,,,,
Moorabool,Moorabool,Bakers Bridge,7,7 - no pegs found and no GPS points so not completed.,,,7/12/2022,5,,,,,,,,,,,
Moorabool,Moorabool,Bakers Bridge,6, -1 to 0,Nil,0,7/12/2022,5,,,,,,,,,,,
Moorabool,Moorabool,Bakers Bridge,6,0 to 1,Nil,0,7/12/2022,5,,,,,,,,,,,
Moorabool,Moorabool,Bakers Bridge,6,1 to 2,Nil,0,7/12/2022,5,,,,,,,,,,,
Moorabool,Moorabool,Bakers Bridge,6,2 to 3,Nil,0,7/12/2022,5,,,,,,,,,,,
Moorabool,Moorabool,Bakers Bridge,6,3 to 4,Dicot spp.,10 to 50,7/12/2022,5,,,,,,,,,,,
Moorabool,Moorabool,Bakers Bridge,6,3 to 4,Eucalyptus spp.,1,7/12/2022,5,"just wrote ""euc""",,,,,,,,,,
Moorabool,Moorabool,Bakers Bridge,6,3 to 4,Monocot spp.,3,7/12/2022,5,,,,,,,,,,,
Moorabool,Moorabool,Bakers Bridge,5, -1 to 0,Nil,0,7/12/2022,5,,,,,,,,,,,
Moorabool,Moorabool,Bakers Bridge,5,0 to 1,Nil,0,7/12/2022,5,,,,,,,,,,,
Moorabool,Moorabool,Bakers Bridge,5,1 to 2,Nil,0,7/12/2022,5,,,,,,,,,,,
Moorabool,Moorabool,Bakers Bridge,5,2 to 3,Eucalyptus camaldulensis subsp. camaldulensis,1,7/12/2022,5,,,,,,,,,,,
Moorabool,Moorabool,Bakers Bridge,5,2 to 3,Dicot spp.,2,7/12/2022,5,,,,,,,,,,,
Moorabool,Moorabool,Bakers Bridge,5,2 to 3,Monocot spp.,2,7/12/2022,5,,,,,,,,,,,
Moorabool,Moorabool,Bakers Bridge,5,3 to 4,Dicot spp.,1,7/12/2022,5,,,,,,,,,,,
Moorabool,Moorabool,Bakers Bridge,4, -1 to 0,Nil,0,7/12/2022,5,,,,,,,,,,,
Moorabool,Moorabool,Bakers Bridge,4,0 to 1,Nil,0,7/12/2022,5,,,,,,,,,,,
Moorabool,Moorabool,Bakers Bridge,4,1 to 2,Nil,0,7/12/2022,5,,,,,,,,,,,
Moorabool,Moorabool,Bakers Bridge,4,2 to 3,Nil,0,7/12/2022,5,,,,,,,,,,,
Moorabool,Moorabool,Bakers Bridge,4,3 to 4,Nil,0,7/12/2022,5,,,,,,,,,,,
Moorabool,Moorabool,Bakers Bridge,13 (or 3), -1 to 0,Nil,0,7/12/2022,5,"T3 - HOWEVER note the ""Photo point from 2018 matches T13""!! ALSO 'Check length! Could be only 2m 0 if so, deduct lower transects."" ALSO ""Very poor visibility in the water"". ",,,,,,,,,,
Moorabool,Moorabool,Bakers Bridge,13 (or 3),0 to 1,Nil,0,7/12/2022,5,,,,,,,,,,,
Moorabool,Moorabool,Bakers Bridge,13 (or 3),1 to 2,Nil,0,7/12/2022,5,,,,,,,,,,,
Moorabool,Moorabool,Bakers Bridge,13 (or 3),2 to 3,Nil,0,7/12/2022,5,,,,,,,,,,,
Moorabool,Moorabool,Bakers Bridge,13 (or 3),3 to 4,Dicot spp.,3,7/12/2022,5,,,,,,,,,,,
Moorabool,Moorabool,Bakers Bridge,13 (or 3),3 to 4,Monocot spp.,1,7/12/2022,5,"(no number written, presumably 1)",,,,,,,,,,
Moorabool,Moorabool,Bakers Bridge,3 (or 13), -1 to 0,Nil,0,7/12/2022,5,,,,,,,,,,,
Moorabool,Moorabool,Bakers Bridge,3 (or 13),0 to 1,Nil,0,7/12/2022,5,, -1 to 0,,,,,,,,,
Moorabool,Moorabool,Bakers Bridge,3 (or 13),1 to 2,Nil,0,7/12/2022,5,,0 to 1,,,,,,,,,
Moorabool,Moorabool,Bakers Bridge,2, -1 to 0,Nil,0,7/12/2022,5,,1 to 2,,,,,,,,,
Moorabool,Moorabool,Bakers Bridge,2,0 to 1,Nil,0,7/12/2022,5,,2 to 3,,,,,,,,,
Moorabool,Moorabool,Bakers Bridge,2,1 to 2,Nil,0,7/12/2022,5,,3 to 4,,,,,,,,,
Moorabool,Moorabool,Bakers Bridge,2,2 to 3,Nil,0,7/12/2022,5,,4 to 5,,,,,,,,,
Moorabool,Moorabool,Bakers Bridge,2,3 to 4,Dicot spp.,4,7/12/2022,5,,,,,,,,,,,
Moorabool,Moorabool,Bakers Bridge,1, -1 to 0,Nil,0,7/12/2022,5,,,,,,,,,,,
Moorabool,Moorabool,Bakers Bridge,1,0 to 1,Nil,0,7/12/2022,5,,,,,,,,,,,
Moorabool,Moorabool,Bakers Bridge,1,1 to 2,Nil,0,7/12/2022,5,,,,,,,,,,,
Moorabool,Moorabool,Bakers Bridge,1,2 to 3,Nil,0,7/12/2022,5,,,,,,,,,,,
Moorabool,Moorabool,Bakers Bridge,1,3 to 4,Nil,0,7/12/2022,5,,,,,,,,,,,
Moorabool,Moorabool,Bakers Bridge,,,,,7/12/2022,5,,,,,,,,,,,
Moorabool,Moorabool,Bakers Bridge,,,,,7/12/2022,5,,,,,,,,,,,
Moorabool,Moorabool,Bakers Bridge,,,,,7/12/2022,5,,,,,,,,,,,
Moorabool,Moorabool,Bakers Bridge,,,,,7/12/2022,5,,,,,,,,,,,
Moorabool,Moorabool,Bakers Bridge,,,,,7/12/2022,5,,,,,,,,,,,
Moorabool,Moorabool,Bakers Bridge,,,,,7/12/2022,5,,,,,,,,,,,
Moorabool,Moorabool,Bakers Bridge,,,,,7/12/2022,5,,,,,,,,,,,
Moorabool,Moorabool,Bakers Bridge,,,,,7/12/2022,5,,,,,,,,,,,
Moorabool,Moorabool,Bakers Bridge,,,,,7/12/2022,5,,,,,,,,,,,
Moorabool,Moorabool,Bakers Bridge,,,,,7/12/2022,5,,,,,,,,,,,
Moorabool,Moorabool,Bakers Bridge,,,,,7/12/2022,5,,,,,,,,,,,
Moorabool,Moorabool,Bakers Bridge,,,,,7/12/2022,5,,,,,,,,,,,
Moorabool,Moorabool,Bakers Bridge,,,,,7/12/2022,5,,,,,,,,,,,
Moorabool,Moorabool,Bakers Bridge,,,,,7/12/2022,5,,,,,,,,,,,
Moorabool,Moorabool,Bakers Bridge,,,,,7/12/2022,5,,,,,,,,,,,
Moorabool,Moorabool,Bakers Bridge,,,,,7/12/2022,5,,,,,,,,,,,
Moorabool,Moorabool,Bakers Bridge,,,,,7/12/2022,5,,,,,,,,,,,
Moorabool,Moorabool,Bakers Bridge,,,,,7/12/2022,5,,,,,,,,,,,
Moorabool,Moorabool,Bakers Bridge,,,,,7/12/2022,5,,,,,,,,,,,
Moorabool,Moorabool,Bakers Bridge,,,,,7/12/2022,5,,,,,,,,,,,
Moorabool,Moorabool,Bakers Bridge,,,,,7/12/2022,5,,,,,,,,,,,
Moorabool,Moorabool,Bakers Bridge,,,,,7/12/2022,5,,,,,,,,,,,
Moorabool,Moorabool,Bakers Bridge,,,,,7/12/2022,5,,,,,,,,,,,
Moorabool,Moorabool,Bakers Bridge,,,,,7/12/2022,5,,,,,,,,,,,
Moorabool,Moorabool,Bakers Bridge,,,,,7/12/2022,5,,,,,,,,,,,
Moorabool,Moorabool,Bakers Bridge,,,,,7/12/2022,5,,,,,,,,,,,
Moorabool,Moorabool,Bakers Bridge,,,,,7/12/2022,5,,,,,,,,,,,
Moorabool,Moorabool,Bakers Bridge,,,,,7/12/2022,5,,,,,,,,,,,
Moorabool,Moorabool,Bakers Bridge,,,,,7/12/2022,5,,,,,,,,,,,
Moorabool,Moorabool,Bakers Bridge,,,,,7/12/2022,5,,,,,,,,,,,
Moorabool,Moorabool,Bakers Bridge,,,,,7/12/2022,5,,,,,,,,,,,
Moorabool,Moorabool,Bakers Bridge,,,,,7/12/2022,5,,,,,,,,,,,
Moorabool,Moorabool,Bakers Bridge,,,,,7/12/2022,5,,,,,,,,,,,
Moorabool,Moorabool,Bakers Bridge,,,,,7/12/2022,5,,,,,,,,,,,
Moorabool,Moorabool,Bakers Bridge,,,,,7/12/2022,5,,,,,,,,,,,
Moorabool,Moorabool,Bakers Bridge,,,,,7/12/2022,5,,,,,,,,,,,
Moorabool,Moorabool,Bakers Bridge,,,,,7/12/2022,5,,,,,,,,,,,
Moorabool,Moorabool,Bakers Bridge,,,,,7/12/2022,5,,,,,,,,,,,
Moorabool,Moorabool,Bakers Bridge,,,,,7/12/2022,5,,,,,,,,,,,
Moorabool,Moorabool,Bakers Bridge,,,,,7/12/2022,5,,,,,,,,,,,
Moorabool,Moorabool,Bakers Bridge,,,,,7/12/2022,5,,,,,,,,,,,
Moorabool,Moorabool,Bakers Bridge,,,,,7/12/2022,5,,,,,,,,,,,
Moorabool,Moorabool,Bakers Bridge,,,,,7/12/2022,5,,,,,,,,,,,
Moorabool,Moorabool,Bakers Bridge,,,,,7/12/2022,5,,,,,,,,,,,
Moorabool,Moorabool,Bakers Bridge,,,,,7/12/2022,5,,,,,,,,,,,
Moorabool,Moorabool,Bakers Bridge,,,,,7/12/2022,5,,,,,,,,,,,
Moorabool,Moorabool,Bakers Bridge,,,,,7/12/2022,5,,,,,,,,,,,
Moorabool,Moorabool,Bakers Bridge,,,,,7/12/2022,5,,,,,,,,,,,
Moorabool,Moorabool,Bakers Bridge,,,,,7/12/2022,5,,,,,,,,,,,
Moorabool,Moorabool,Bakers Bridge,,,,,7/12/2022,5,,,,,,,,,,,
Moorabool,Moorabool,Bakers Bridge,,,,,7/12/2022,5,,,,,,,,,,,
Moorabool,Moorabool,Bakers Bridge,,,,,7/12/2022,5,,,,,,,,,,,
Moorabool,Moorabool,Bakers Bridge,,,,,7/12/2022,5,,,,,,,,,,,
Moorabool,Moorabool,Bakers Bridge,,,,,7/12/2022,5,,,,,,,,,,,
Moorabool,Moorabool,Bakers Bridge,,,,,7/12/2022,5,,,,,,,,,,,
Moorabool,Moorabool,Bakers Bridge,,,,,7/12/2022,5,,,,,,,,,,,
Moorabool,Moorabool,Bakers Bridge,,,,,7/12/2022,5,,,,,,,,,,,
Moorabool,Moorabool,Bakers Bridge,,,,,7/12/2022,5,,,,,,,,,,,
Moorabool,Moorabool,Bakers Bridge,,,,,7/12/2022,5,,,,,,,,,,,
Moorabool,Moorabool,Bakers Bridge,,,,,7/12/2022,5,,,,,,,,,,,
Moorabool,Moorabool,Bakers Bridge,,,,,7/12/2022,5,,,,,,,,,,,
Moorabool,Moorabool,Bakers Bridge,,,,,7/12/2022,5,,,,,,,,,,,
Moorabool,Moorabool,Bakers Bridge,,,,,7/12/2022,5,,,,,,,,,,,
Moorabool,Moorabool,Bakers Bridge,,,,,7/12/2022,5,,,,,,,,,,,
Moorabool,Moorabool,Bakers Bridge,,,,,7/12/2022,5,,,,,,,,,,,
Moorabool,Moorabool,Bakers Bridge,,,,,7/12/2022,5,,,,,,,,,,,
Moorabool,Moorabool,Bakers Bridge,,,,,7/12/2022,5,,,,,,,,,,,
Moorabool,Moorabool,Bakers Bridge,,,,,7/12/2022,5,,,,,,,,,,,
Moorabool,Moorabool,Bakers Bridge,,,,,7/12/2022,5,,,,,,,,,,,
Moorabool,Moorabool,Bakers Bridge,,,,,7/12/2022,5,,,,,,,,,,,
Moorabool,Moorabool,Bakers Bridge,,,,,7/12/2022,5,,,,,,,,,,,
Moorabool,Moorabool,Bakers Bridge,,,,,7/12/2022,5,,,,,,,,,,,
