RIVER,SITE,TRANSECT,SUB_TRANS,METRES,METRES,RECRUIT SPECIES,RECRUIT ORIGIN,RECRUIT COUNT,DATE,SURVEY,EXCLOSURE,Notes,,,,,,,
Thomson,Th4a 01,1,W,-1, -1 to 0,Dicot,#N/A,1,17/07/2018,1,0,,,,,,,,
Thomson,Th4a 01,1,A,0,0 to 1,Apiaceae,#N/A,1,17/07/2018,1,0,,,,,,,,
Thomson,Th4a 01,1,A,0,0 to 1,Holcus spp.,#N/A,2,17/07/2018,1,0,,,,,,,,
Thomson,Th4a 01,1,A,0,0 to 1,Anthoxanthum spp.,#N/A,10_50,17/07/2018,1,0,,,,,,,,
Thomson,Th4a 01,1,B,1,1 to 2,Anthoxanthum spp.,#N/A,50_100,17/07/2018,1,0,,,,,,,,
Thomson,Th4a 01,1,B,1,1 to 2,Holcus spp.,#N/A,10_50,17/07/2018,1,0,,,,,,,,
Thomson,Th4a 01,1,C,2,2 to 3,Nil,NA,0,17/07/2018,1,0,,,,,,,,
Thomson,Th4a 01,2,W,-1, -1 to 0,Nil,NA,0,17/07/2018,1,0,,,,,,,,
Thomson,Th4a 01,2,A,0,0 to 1,Apiaceae,#N/A,3,17/07/2018,1,0,,,,,,,,
Thomson,Th4a 01,2,A,0,0 to 1,Dicot,#N/A,2,17/07/2018,1,0,,,,,,,,
Thomson,Th4a 01,2,A,0,0 to 1,Exo,exotic,10_50,17/07/2018,1,0,,,,,,,,
Thomson,Th4a 01,2,B,1,1 to 2,Exo,exotic,10_50,17/07/2018,1,0,,,,,,,,
Thomson,Th4a 01,2,B,1,1 to 2,Sonchus spp.,#N/A,2,17/07/2018,1,0,,,,,,,,
Thomson,Th4a 01,2,B,1,1 to 2,Apiaceae,#N/A,1,17/07/2018,1,0,,,,,,,,
Thomson,Th4a 01,2,B,1,1 to 2,Dicot,#N/A,2,17/07/2018,1,0,,,,,,,,
Thomson,Th4a 01,2,C,2,2 to 3,Holcus spp.,#N/A,10_50,17/07/2018,1,0,,,,,,,,
Thomson,Th4a 01,2,C,2,2 to 3,Exo,exotic,10_50,17/07/2018,1,0,,,,,,,,
Thomson,Th4a 01,2,D,3,3 to 4,Exo,exotic,10_50,17/07/2018,1,0,,,,,,,,
Thomson,Th4a 01,3,W,-1, -1 to 0,Nil,NA,0,17/07/2018,1,0,,,,,,,,
Thomson,Th4a 01,3,A,0,0 to 1,Apiaceae,#N/A,8,17/07/2018,1,0,,,,,,,,
Thomson,Th4a 01,3,A,0,0 to 1,Dicot,#N/A,10_50,17/07/2018,1,0,,,,,,,,
Thomson,Th4a 01,3,A,0,0 to 1,Exo,exotic,2,17/07/2018,1,0,,,,,,,,
Thomson,Th4a 01,3,B,1,1 to 2,Apiaceae,#N/A,2,17/07/2018,1,0,,,,,,,,
Thomson,Th4a 01,3,C,2,2 to 3,Nil,NA,0,17/07/2018,1,0,,,,,,,,
Thomson,Th4a 01,4,W,-1, -1 to 0,Nil,NA,0,17/07/2018,1,0,,,,,,,,
Thomson,Th4a 01,4,A,0,0 to 1,Dicot,#N/A,2,17/07/2018,1,0,,,,,,,,
Thomson,Th4a 01,4,A,0,0 to 1,Galium aparine,exotic,1,17/07/2018,1,0,correct Galium species?,,,,,,,
Thomson,Th4a 01,4,B,1,1 to 2,Galium aparine,exotic,10_50,17/07/2018,1,0,,,,,,,,
Thomson,Th4a 01,4,C,2,2 to 3,Nil,NA,0,17/07/2018,1,0,,,,,,,,
Thomson,Th4a 01,5,W,-1, -1 to 0,Nil,NA,0,17/07/2018,1,0,,,,,,,,
Thomson,Th4a 01,5,A,0,0 to 1,Nil,NA,0,17/07/2018,1,0,,,,,,,,
Thomson,Th4a 01,5,B,1,1 to 2,Nil,NA,0,17/07/2018,1,0,,,,,,,,
Thomson,Th4a 01,5,C,2,2 to 3,Galium aparine,exotic,2,17/07/2018,1,0,,,,,,,,
Thomson,Th4a 03,10,W,-1, -1 to 0,Nil,NA,0,18/07/2018,1,0,,,,,,,,
Thomson,Th4a 03,10,A,0,0 to 1,Nil,NA,0,18/07/2018,1,0,,,,,,,,
Thomson,Th4a 03,10,B,1,1 to 2,Nil,NA,0,18/07/2018,1,0,,,,,,,,
Thomson,Th4a 03,10,C,2,2 to 3,Hypochaeris radicata,exotic,3,18/07/2018,1,0,,,,,,,,
Thomson,Th4a 03,10,C,2,2 to 3,Exo,exotic,10_50,18/07/2018,1,0,,,,,,,,
Thomson,Th4a 03,9,W,-1, -1 to 0,Nil,NA,0,18/07/2018,1,0,,,,,,,,
Thomson,Th4a 03,9,A,0,0 to 1,Dicot,#N/A,3,18/07/2018,1,0,,,,,,,,
Thomson,Th4a 03,9,B,1,1 to 2,Exo,exotic,10_50,18/07/2018,1,0,,,,,,,,
Thomson,Th4a 03,9,B,1,1 to 2,Dicot,#N/A,2,18/07/2018,1,0,,,,,,,,
Thomson,Th4a 03,9,B,1,1 to 2,Apiaceae,#N/A,2,18/07/2018,1,0,,,,,,,,
Thomson,Th4a 03,9,C,2,2 to 3,Apiaceae,#N/A,3,18/07/2018,1,0,,,,,,,,
Thomson,Th4a 03,9,C,2,2 to 3,Hypochaeris radicata,exotic,2,18/07/2018,1,0,,,,,,,,
Thomson,Th4a 03,9,C,2,2 to 3,Holcus spp.,#N/A,4,18/07/2018,1,0,,,,,,,,
Thomson,Th4a 03,8,W,-1, -1 to 0,Nil,NA,,18/07/2018,1,0,,,,,,,,
Thomson,Th4a 03,8,A,0,0 to 1,Nil,NA,,18/07/2018,1,0,,,,,,,,
Thomson,Th4a 03,8,B,1,1 to 2,Nil,NA,,18/07/2018,1,0,,,,,,,,
Thomson,Th4a 03,8,C,2,2 to 3,Galium aparine,exotic,2,18/07/2018,1,0,,,,,,,,
Thomson,Th4a 03,7,W,-1, -1 to 0,Dicot,#N/A,2,18/07/2018,1,0,,,,,,,,
Thomson,Th4a 03,7,A,0,0 to 1,Dicot,#N/A,10_50,18/07/2018,1,0,,,,,,,,
Thomson,Th4a 03,7,A,0,0 to 1,Exo,exotic,10_50,18/07/2018,1,0,,,,,,,,
Thomson,Th4a 03,7,A,0,0 to 1,Acacia dealbata,native,3,18/07/2018,1,0,,,,,,,,
Thomson,Th4a 03,7,B,1,1 to 2,Acacia dealbata,native,3,18/07/2018,1,0,,,,,,,,
Thomson,Th4a 03,7,B,1,1 to 2,Dicot,#N/A,10_50,18/07/2018,1,0,,,,,,,,
Thomson,Th4a 03,7,B,1,1 to 2,Exo,exotic,10_50,18/07/2018,1,0,,,,,,,,
Thomson,Th4a 03,7,B,1,1 to 2,Dactylis glomerata,exotic,10_50,18/07/2018,1,0,,,,,,,,
Thomson,Th4a 03,7,C,2,2 to 3,Dactylis glomerata,exotic,10_50,18/07/2018,1,0,,,,,,,,
Thomson,Th4a 03,7,C,2,2 to 3,Lotus spp.,#N/A,10_50,18/07/2018,1,0,,,,,,,,
Thomson,Th4a 03,7,C,2,2 to 3,Galium aparine,exotic,5,18/07/2018,1,0,,,,,,,,
Thomson,Th4a 03,7,C,2,2 to 3,Apiaceae,#N/A,8,18/07/2018,1,0,,,,,,,,
Thomson,Th4a 03,6,W,-1, -1 to 0,Nil,NA,,18/07/2018,1,0,,,,,,,,
Thomson,Th4a 03,6,A,0,0 to 1,Dicot,#N/A,5,18/07/2018,1,0,,,,,,,,
Thomson,Th4a 03,6,B,1,1 to 2,Dicot,#N/A,10_50,18/07/2018,1,0,,,,,,,,
Thomson,Th4a 03,6,B,1,1 to 2,Apiaceae,#N/A,5,18/07/2018,1,0,,,,,,,,
Thomson,Th4a 03,6,B,1,1 to 2,Exo,exotic,4,18/07/2018,1,0,,,,,,,,
Thomson,Th4a 03,6,C,2,2 to 3,Dicot,#N/A,10_50,18/07/2018,1,0,,,,,,,,
Thomson,Th4a 03,6,C,2,2 to 3,Apiaceae,#N/A,10_50,18/07/2018,1,0,,,,,,,,
Thomson,Th4a 03,6,C,2,2 to 3,Monocot,#N/A,6,18/07/2018,1,0,,,,,,,,
Thomson,Th4a 03,6,D,3,3 to 4,Exo,exotic,10_50,18/07/2018,1,0,,,,,,,,
Thomson,Th4a 03,6,D,3,3 to 4,Apiaceae,#N/A,10_50,18/07/2018,1,0,,,,,,,,
Thomson,Th4a 03,6,D,3,3 to 4,Dicot,#N/A,10_50,18/07/2018,1,0,,,,,,,,
Thomson,Th4a 03,6,D,3,3 to 4,Galium aparine,exotic,5,18/07/2018,1,0,,,,,,,,
Thomson,Th4a 03,5,W,-1, -1 to 0,Exo,exotic,10_50,18/07/2018,1,0,,,,,,,,
Thomson,Th4a 03,5,A,0,0 to 1,Exo,exotic,10_50,18/07/2018,1,0,,,,,,,,
Thomson,Th4a 03,5,B,1,1 to 2,Exo,exotic,50_100,18/07/2018,1,0,,,,,,,,
Thomson,Th4a 03,5,B,1,1 to 2,Apiaceae,#N/A,7,18/07/2018,1,0,,,,,,,,
Thomson,Th4a 03,5,B,1,1 to 2,Hypochaeris radicata,exotic,2,18/07/2018,1,0,,,,,,,,
Thomson,Th4a 03,5,C,2,2 to 3,Exo,exotic,10_50,18/07/2018,1,0,,,,,,,,
Thomson,Th4a 03,5,C,2,2 to 3,Galium aparine,exotic,3,18/07/2018,1,0,,,,,,,,
Thomson,Th4a 03,5,C,2,2 to 3,Apiaceae,#N/A,2,18/07/2018,1,0,,,,,,,,
Thomson,Th4a 03,4,W,-1, -1 to 0,Dicot,#N/A,2,18/07/2018,1,0,,,,,,,,
Thomson,Th4a 03,4,A,0,0 to 1,Exo,exotic,50_100,18/07/2018,1,0,Lolium?,,,,,,,
Thomson,Th4a 03,4,B,1,1 to 2,Exo,exotic,50_100,18/07/2018,1,0,Lolium?,,,,,,,
Thomson,Th4a 03,4,B,1,1 to 2,Ranunculus repens,exotic,10_50,18/07/2018,1,0,,,,,,,,
Thomson,Th4a 03,4,B,1,1 to 2,Galium aparine,exotic,3,18/07/2018,1,0,,,,,,,,
Thomson,Th4a 03,4,C,2,2 to 3,Apiaceae,#N/A,3,18/07/2018,1,0,,,,,,,,
Thomson,Th4a 03,4,C,2,2 to 3,Galium aparine,exotic,5,18/07/2018,1,0,,,,,,,,
Thomson,Th4a 03,4,C,2,2 to 3,Dicot,#N/A,5,18/07/2018,1,0,,,,,,,,
Thomson,Th4a 03,4,C,2,2 to 3,Exo,exotic,10_50,18/07/2018,1,0,Lolium?,,,,,,,
Thomson,Th4a 03,3,W,-1, -1 to 0,Dicot,#N/A,10_50,18/07/2018,1,0,,,,,,,,
Thomson,Th4a 03,3,W,-1, -1 to 0,Monocot,#N/A,10_50,18/07/2018,1,0,,,,,,,,
Thomson,Th4a 03,3,A,0,0 to 1,Dicot,#N/A,10_50,18/07/2018,1,0,,,,,,,,
Thomson,Th4a 03,3,A,0,0 to 1,Monocot,#N/A,10_50,18/07/2018,1,0,,,,,,,,
Thomson,Th4a 03,3,B,1,1 to 2,Galium aparine,exotic,10_50,18/07/2018,1,0,,,,,,,,
Thomson,Th4a 03,3,B,1,1 to 2,Exo,exotic,10_50,18/07/2018,1,0,,,,,,,,
Thomson,Th4a 03,3,B,1,1 to 2,Dicot,#N/A,10_50,18/07/2018,1,0,,,,,,,,
Thomson,Th4a 03,2,W,-1, -1 to 0,Nil,NA,0,18/07/2018,1,0,,,,,,,,
Thomson,Th4a 03,2,A,0,0 to 1,Exo,exotic,50_100,18/07/2018,1,0,,,,,,,,
Thomson,Th4a 03,2,B,1,1 to 2,Exo,exotic,50_100,18/07/2018,1,0,,,,,,,,
Thomson,Th4a 03,2,C,2,2 to 3,Dicot,#N/A,10_50,18/07/2018,1,0,,,,,,,,
Thomson,Th4a 03,2,C,2,2 to 3,Exo,exotic,10_50,18/07/2018,1,0,,,,,,,,
Thomson,Th4a 03,1,W,-1, -1 to 0,Nil,NA,0,18/07/2018,1,0,,,,,,,,
Thomson,Th4a 03,1,A,0,0 to 1,Dicot,#N/A,10_50,18/07/2018,1,0,,,,,,,,
Thomson,Th4a 03,1,B,1,1 to 2,Exo,exotic,10_50,18/07/2018,1,0,,,,,,,,
Thomson,Th4a 03,1,B,1,1 to 2,Dicot,#N/A,3,18/07/2018,1,0,,,,,,,,
Thomson,Th4a 03,1,C,2,2 to 3,Exo,exotic,10_50,18/07/2018,1,0,,,,,,,,
Thomson,Th4a 03,1,D,3,3 to 4,Dicot,#N/A,10_50,18/07/2018,1,0,,,,,,,,
Thomson,Th5,1,W,-1, -1 to 0,Nil,NA,0,18/07/2018,1,0,,,,,,,,
Thomson,Th5,1,A,0,0 to 1,Acacia dealbata,native,1,18/07/2018,1,0,,,,,,,,
Thomson,Th5,1,A,0,0 to 1,Dicot,#N/A,2,18/07/2018,1,0,,,,,,,,
Thomson,Th5,1,A,0,0 to 1,Microlaena stipoides var. stipoides,native,10_50,18/07/2018,1,0,,,,,,,,
Thomson,Th5,1,B,1,1 to 2,Microlaena stipoides var. stipoides,native,10_50,18/07/2018,1,0,,,,,,,,
Thomson,Th5,2,W,-1, -1 to 0,Nil,NA,0,18/07/2018,1,0,,,,,,,,
Thomson,Th5,2,A,0,0 to 1,Galium/Asperula,#N/A,10_50,18/07/2018,1,0,,,,,,,,
Thomson,Th5,2,B,1,1 to 2,Dactylis glomerata,exotic,10_50,18/07/2018,1,0,,,,,,,,
Thomson,Th5,2,B,1,1 to 2,Microlaena stipoides var. stipoides,native,10_50,18/07/2018,1,0,,,,,,,,
Thomson,Th5,2,B,1,1 to 2,Dicot,#N/A,10_50,18/07/2018,1,0,,,,,,,,
Thomson,Th5,3,W,-1, -1 to 0,Nil,NA,0,18/07/2018,1,0,,,,,,,,
Thomson,Th5,3,A,0,0 to 1,Exo,exotic,10_50,18/07/2018,1,0,,,,,,,,
Thomson,Th5,3,A,0,0 to 1,Microlaena stipoides var. stipoides,native,10_50,18/07/2018,1,0,,,,,,,,
Thomson,Th5,3,A,0,0 to 1,Hypochaeris/Dicot?,#N/A,10_50,18/07/2018,1,0,,,,,,,,
Thomson,Th5,3,B,1,1 to 2,Microlaena stipoides var. stipoides,native,10_50,18/07/2018,1,0,,,,,,,,
Thomson,Th5,3,B,1,1 to 2,Exo,exotic,10_50,18/07/2018,1,0,,,,,,,,
Thomson,Th5,3,B,1,1 to 2,Dicot,#N/A,10_50,18/07/2018,1,0,,,,,,,,
Thomson,Th5,3,C,2,2 to 3,Microlaena stipoides var. stipoides,native,10_50,18/07/2018,1,0,,,,,,,,
Thomson,Th5,3,C,2,2 to 3,Exo,exotic,10_50,18/07/2018,1,0,,,,,,,,
Thomson,Th5,4,W,-1, -1 to 0,Nil,NA,0,18/07/2018,1,0,,,,,,,,
Thomson,Th5,4,A,0,0 to 1,Nil,NA,0,18/07/2018,1,0,,,,,,,,
Thomson,Th5,4,B,1,1 to 2,Nil,NA,0,18/07/2018,1,0,,,,,,,,
Thomson,Th5,4,C,2,2 to 3,Galium aparine,exotic,1,18/07/2018,1,0,,,,,,,,
Thomson,Th5,5,W,-1, -1 to 0,Nil,NA,0,18/07/2018,1,0,,,,,,,,
Thomson,Th5,5,A,0,0 to 1,Exo,exotic,10_50,18/07/2018,1,0,,,,,,,,
Thomson,Th5,5,B,1,1 to 2,Nil,NA,0,18/07/2018,1,0,,,,,,,,
Thomson,Th5,5,C,2,2 to 3,Nil,NA,0,18/07/2018,1,0,,,,,,,,
Thomson,Th5,6,W,-1, -1 to 0,Nil,NA,0,18/07/2018,1,0,,,,,,,,
Thomson,Th5,6,A,0,0 to 1,Monocot,#N/A,10_50,18/07/2018,1,0,Exo?,,,,,,,
Thomson,Th5,6,B,1,1 to 2,Nil,NA,0,18/07/2018,1,0,,,,,,,,
Thomson,Th5,6,C,2,2 to 3,Nil,NA,0,18/07/2018,1,0,,,,,,,,
Macalister,Hagans Bridge,2,W,-1, -1 to 0,Nil,NA,0,19/07/2018,1,0,,,,,,,,
Macalister,Hagans Bridge,2,A,0,0 to 1,Nil,NA,0,19/07/2018,1,0,,,,,,,,
Macalister,Hagans Bridge,2,B,1,1 to 2,Nil,NA,0,19/07/2018,1,0,,,,,,,,
Macalister,Hagans Bridge,2,C,2,2 to 3,Hypochaeris spp.,#N/A,2,19/07/2018,1,0,"""Grati."" something? Or just radicata?",,,,,,,
Macalister,Hagans Bridge,3,W,-1, -1 to 0,Nil,NA,0,19/07/2018,1,0,,,,,,,,
Macalister,Hagans Bridge,3,A,0,0 to 1,Conyza spp.,#N/A,2,19/07/2018,1,0,species?,,,,,,,
Macalister,Hagans Bridge,3,A,0,0 to 1,Hypochaeris radicata,exotic,10_50,19/07/2018,1,0,,,,,,,,
Macalister,Hagans Bridge,3,A,0,0 to 1,Holcus spp.,#N/A,10_50,19/07/2018,1,0,,,,,,,,
Macalister,Hagans Bridge,3,A,0,0 to 1,dicot,#N/A,10_50,19/07/2018,1,0,,,,,,,,
Macalister,Hagans Bridge,3,A,0,0 to 1,Hypericum spp.,#N/A,10_50,19/07/2018,1,0,species?,,,,,,,
Macalister,Hagans Bridge,3,B,1,1 to 2,Hypochaeris radicata,exotic,10_50,19/07/2018,1,0,,,,,,,,
Macalister,Hagans Bridge,3,B,1,1 to 2,Conyza spp.,#N/A,10_50,19/07/2018,1,0,,,,,,,,
Macalister,Hagans Bridge,3,B,1,1 to 2,Holcus spp.,#N/A,10_50,19/07/2018,1,0,,,,,,,,
Macalister,Hagans Bridge,3,B,1,1 to 2,Arctotheca spp.,#N/A,2,19/07/2018,1,0,species? Calendula?,,,,,,,
Macalister,Hagans Bridge,3,B,1,1 to 2,dicot,#N/A,10_50,19/07/2018,1,0,,,,,,,,
Macalister,Hagans Bridge,3,B,1,1 to 2,Hypericum spp.,#N/A,10_50,19/07/2018,1,0,,,,,,,,
Macalister,Hagans Bridge,3,C,2,2 to 3,Hypochaeris radicata,exotic,10_50,19/07/2018,1,0,,,,,,,,
Macalister,Hagans Bridge,3,C,2,2 to 3,Conyza spp.,#N/A,7,19/07/2018,1,0,,,,,,,,
Macalister,Hagans Bridge,3,C,2,2 to 3,Arctotheca spp.,#N/A,3,19/07/2018,1,0,,,,,,,,
Macalister,Hagans Bridge,3,C,2,2 to 3,dicot,#N/A,10_50,19/07/2018,1,0,,,,,,,,
Macalister,Hagans Bridge,3,C,2,2 to 3,Euchiton spp.,native,10_50,19/07/2018,1,0,,,,,,,,
Macalister,Hagans Bridge,4,W,-1, -1 to 0,Dicot,#N/A,3,19/07/2018,1,0,,,,,,,,
Macalister,Hagans Bridge,4,W,-1, -1 to 0,Exo,exotic,3,19/07/2018,1,0,,,,,,,,
Macalister,Hagans Bridge,4,A,0,0 to 1,Lythrum hyssopifolia,native,1,19/07/2018,1,0,,,,,,,,
Macalister,Hagans Bridge,4,A,0,0 to 1,Holcus spp.,#N/A,5,19/07/2018,1,0,,,,,,,,
Macalister,Hagans Bridge,4,A,0,0 to 1,Rumex spp.,native,1,19/07/2018,1,0,,,,,,,,
Macalister,Hagans Bridge,4,B,1,1 to 2,Taraxacum ,#N/A,1,19/07/2018,1,0,species?,,,,,,,
Macalister,Hagans Bridge,4,B,1,1 to 2,Hypericum spp.,#N/A,10_50,19/07/2018,1,0,,,,,,,,
Macalister,Hagans Bridge,4,C,2,2 to 3,Hypericum spp.,#N/A,10_50,19/07/2018,1,0,,,,,,,,
Macalister,Hagans Bridge,4,C,2,2 to 3,Hypochaeris radicata,exotic,4,19/07/2018,1,0,,,,,,,,
Macalister,Hagans Bridge,4,C,2,2 to 3,Leptospermum obovatum,native,4,19/07/2018,1,0,,,,,,,,
Macalister,Hagans Bridge,4,C,2,2 to 3,Cyperus eragrostis,exotic,10_50,19/07/2018,1,0,,,,,,,,
Macalister,Hagans Bridge,5,W,-1, -1 to 0,Dicot,#N/A,10_50,19/07/2018,1,0,,,,,,,,
Macalister,Hagans Bridge,5,W,-1, -1 to 0,Acacia dealbata,native,2,19/07/2018,1,0,,,,,,,,
Macalister,Hagans Bridge,5,W,-1, -1 to 0,Monocot,#N/A,10_50,19/07/2018,1,0,,,,,,,,
Macalister,Hagans Bridge,5,A,0,0 to 1,Nil,NA,0,19/07/2018,1,0,,,,,,,,
Macalister,Hagans Bridge,5,B,1,1 to 2,Nil,NA,0,19/07/2018,1,0,,,,,,,,
Macalister,Hagans Bridge,5,C,2,2 to 3,Nil,NA,0,19/07/2018,1,0,,,,,,,,
Macalister,Hagans Bridge,6,W,-1, -1 to 0,Nil,NA,0,19/07/2018,1,0,,,,,,,,
Macalister,Hagans Bridge,6,A,0,0 to 1,Nil,NA,0,19/07/2018,1,0,,,,,,,,
Macalister,Hagans Bridge,6,B,1,1 to 2,Nil,NA,0,19/07/2018,1,0,,,,,,,,
Macalister,Hagans Bridge,6,C,2,2 to 3,dicot ,#N/A,10_50,19/07/2018,1,0,,,,,,,,
Macalister,Hagans Bridge,6,D,3,3 to 4,Nil,NA,0,19/07/2018,1,0,,,,,,,,
Macalister,Hagans Bridge,7,W,-1, -1 to 0,Nil,NA,0,19/07/2018,1,0,,,,,,,,
Macalister,Hagans Bridge,7,A,0,0 to 1,Nil,NA,0,19/07/2018,1,0,,,,,,,,
Macalister,Hagans Bridge,7,B,1,1 to 2,Nil,NA,0,19/07/2018,1,0,,,,,,,,
Macalister,Hagans Bridge,7,C,2,2 to 3,Nil,NA,0,19/07/2018,1,0,,,,,,,,
Macalister,Hagans Bridge,1,W,-1, -1 to 0,Nil,NA,0,19/07/2018,1,0,,,,,,,,
Macalister,Hagans Bridge,1,A,0,0 to 1,Rumex spp.,native,1,19/07/2018,1,0,,,,,,,,
Macalister,Hagans Bridge,1,B,1,1 to 2,Rumex spp.,native,1,19/07/2018,1,0,,,,,,,,
Macalister,Hagans Bridge,1,B,1,1 to 2,Exo,exotic,10_50,19/07/2018,1,0,,,,,,,,
Macalister,Hagans Bridge,1,C,2,2 to 3,Taraxacum ,#N/A,2,19/07/2018,1,0,,,,,,,,
Macalister,Hagans Bridge,1,D,3,3 to 4,Nil,NA,0,19/07/2018,1,0,,,,,,,,
Macalister,Bellbird,6,W,-1, -1 to 0,dicot,#N/A,2,19/07/2018,1,0,,,,,,,,
Macalister,Bellbird,6,A,0,0 to 1,Nil,NA,0,19/07/2018,1,0,,,,,,,,
Macalister,Bellbird,6,B,1,1 to 2,Exo,exotic,1,19/07/2018,1,0,,,,,,,,
Macalister,Bellbird,6,C,2,2 to 3,Nil,NA,0,19/07/2018,1,0,,,,,,,,
Macalister,Bellbird,5,W,-1, -1 to 0,dicot,#N/A,2,19/07/2018,1,0,,,,,,,,
Macalister,Bellbird,5,A,0,0 to 1,Cirsium vulgare,exotic,5,19/07/2018,1,0,,,,,,,,
Macalister,Bellbird,5,A,0,0 to 1,Hypochaeris radicata,exotic,2,19/07/2018,1,0,,,,,,,,
Macalister,Bellbird,5,A,0,0 to 1,Acacia dealbata,native,3,19/07/2018,1,0,,,,,,,,
Macalister,Bellbird,5,A,0,0 to 1,Sonchus spp.,#N/A,1,19/07/2018,1,0,,,,,,,,
Macalister,Bellbird,5,B,1,1 to 2,Nil,NA,0,19/07/2018,1,0,,,,,,,,
Macalister,Bellbird,5,C,2,2 to 3,Nil,NA,0,19/07/2018,1,0,,,,,,,,
Macalister,Bellbird,4,W,-1, -1 to 0,Nil,NA,0,19/07/2018,1,0,,,,,,,,
Macalister,Bellbird,4,A,0,0 to 1,Acacia dealbata,native,2,19/07/2018,1,0,,,,,,,,
Macalister,Bellbird,4,A,0,0 to 1,Rumex spp.,native,3,19/07/2018,1,0,,,,,,,,
Macalister,Bellbird,4,A,0,0 to 1,dicot,#N/A,3,19/07/2018,1,0,,,,,,,,
Macalister,Bellbird,4,B,1,1 to 2,Nil,NA,0,19/07/2018,1,0,,,,,,,,
Macalister,Bellbird,4,C,2,2 to 3,Nil,NA,0,19/07/2018,1,0,,,,,,,,
Macalister,Bellbird,3,W,-1, -1 to 0,Acacia dealbata,native,2,19/07/2018,1,0,,,,,,,,
Macalister,Bellbird,3,A,0,0 to 1,Acacia dealbata,native,10_50,19/07/2018,1,0,,,,,,,,
Macalister,Bellbird,3,A,0,0 to 1,Microlaena stipoides var. stipoides,native,3,19/07/2018,1,0,,,,,,,,
Macalister,Bellbird,3,B,1,1 to 2,Microlaena stipoides var. stipoides,native,3,19/07/2018,1,0,,,,,,,,
Macalister,Bellbird,3,B,1,1 to 2,Acacia dealbata,native,10_50,19/07/2018,1,0,,,,,,,,
Macalister,Bellbird,3,B,1,1 to 2,Cyperus eragrostis,exotic,2,19/07/2018,1,0,,,,,,,,
Macalister,Bellbird,1,W,-1, -1 to 0,Nil,NA,0,19/07/2018,1,0,,,,,,,,
Macalister,Bellbird,1,A,0,0 to 1,Nil,NA,1,19/07/2018,1,0,,,,,,,,
Macalister,Bellbird,1,B,1,1 to 2,Nil,NA,2,19/07/2018,1,0,,,,,,,,
Macalister,Bellbird,2,W,-1, -1 to 0,Nil,NA,0,19/07/2018,1,0,,,,,,,,
Macalister,Bellbird,2,A,0,0 to 1,Cyperus eragrostis,exotic,10_50,19/07/2018,1,0,,,,,,,,
Macalister,Bellbird,2,A,0,0 to 1,Persicaria praetermissa,#N/A,2,19/07/2018,1,0,,,,,,,,
Macalister,Bellbird,2,A,0,0 to 1,Eucalyptus camaldulensis var. camaldulensis,native,1,19/07/2018,1,0,,,,,,,,
Macalister,Bellbird,2,A,0,0 to 1,dicot,#N/A,2,19/07/2018,1,0,,,,,,,,
Macalister,Bellbird,2,A,0,0 to 1,Monocot,#N/A,2,19/07/2018,1,0,,,,,,,,
Macalister,Bellbird,2,B,1,1 to 2,Cyperus eragrostis,exotic,10_50,19/07/2018,1,0,,,,,,,,
Macalister,Bellbird,2,B,1,1 to 2,Monocot,#N/A,10_50,19/07/2018,1,0,,,,,,,,
Macalister,Bellbird,2,B,1,1 to 2,dicot,#N/A,4,19/07/2018,1,0,,,,,,,,
Macalister,Bellbird,2,B,1,1 to 2,Hypochaeris radicata,exotic,1,19/07/2018,1,0,,,,,,,,
Macalister,Bellbird,2,C,2,2 to 3,Nil,NA,0,19/07/2018,1,0,,,,,,,,
Macalister,Forsyth Road,5,W,-1, -1 to 0,dicot,#N/A,2,20/07/2018,1,0,,,,,,,,
Macalister,Forsyth Road,5,W,-1, -1 to 0,Monocot,#N/A,4,20/07/2018,1,0,,,,,,,,
Macalister,Forsyth Road,5,A,0,0 to 1,Nil,NA,0,20/07/2018,1,0,,,,,,,,
Macalister,Forsyth Road,5,B,1,1 to 2,Nil,NA,0,20/07/2018,1,0,,,,,,,,
Macalister,Forsyth Road,5,C,2,2 to 3,Exo,exotic,3,20/07/2018,1,0,,,,,,,,
Macalister,Forsyth Road,5,C,2,2 to 3,Sonchus spp.,#N/A,1,20/07/2018,1,0,,,,,,,,
Macalister,Forsyth Road,4,W,-1, -1 to 0,Nil,NA,0,20/07/2018,1,0,,,,,,,,
Macalister,Forsyth Road,4,A,0,0 to 1,Cyperus eragrostis,exotic,3,20/07/2018,1,0,,,,,,,,
Macalister,Forsyth Road,4,B,1,1 to 2,Cyperus eragrostis,exotic,10_50,20/07/2018,1,0,,,,,,,,
Macalister,Forsyth Road,4,B,1,1 to 2,Rumex spp.,native,1,20/07/2018,1,0,,,,,,,,
Macalister,Forsyth Road,4,B,1,1 to 2,dicot,#N/A,2,20/07/2018,1,0,,,,,,,,
Macalister,Forsyth Road,4,C,2,2 to 3,Cyperus eragrostis,exotic,10_50,20/07/2018,1,0,,,,,,,,
Macalister,Forsyth Road,3,W,-1, -1 to 0,Nil,NA,0,20/07/2018,1,0,,,,,,,,
Macalister,Forsyth Road,3,A,0,0 to 1,Cyperus eragrostis,exotic,10_50,20/07/2018,1,0,,,,,,,,
Macalister,Forsyth Road,3,A,0,0 to 1,Hypochaeris radicata,exotic,1,20/07/2018,1,0,,,,,,,,
Macalister,Forsyth Road,3,A,0,0 to 1,Rumex spp.,native,1,20/07/2018,1,0,,,,,,,,
Macalister,Forsyth Road,3,B,1,1 to 2,dicot,#N/A,2,20/07/2018,1,0,,,,,,,,
Macalister,Forsyth Road,3,C,2,2 to 3,Cyperus eragrostis,exotic,2,20/07/2018,1,0,,,,,,,,
Macalister,Forsyth Road,2,W,-1, -1 to 0,Nil,NA,0,20/07/2018,1,0,,,,,,,,
Macalister,Forsyth Road,2,A,0,0 to 1,Nil,NA,0,20/07/2018,1,0,,,,,,,,
Macalister,Forsyth Road,2,B,1,1 to 2,Nil,NA,0,20/07/2018,1,0,,,,,,,,
Macalister,Forsyth Road,2,C,2,2 to 3,Nil,NA,0,20/07/2018,1,0,,,,,,,,
Macalister,Forsyth Road,1,W,-1, -1 to 0,Nil,NA,0,20/07/2018,1,0,,,,,,,,
Macalister,Forsyth Road,1,A,0,0 to 1,Rumex spp.,native,2,20/07/2018,1,0,,,,,,,,
Macalister,Forsyth Road,1,A,0,1 to 1,Monocot,#N/A,5,20/07/2018,1,0,,,,,,,,
Macalister,Forsyth Road,1,B,1,1 to 2,Nil,NA,0,20/07/2018,1,0,,,,,,,,
Macalister,Forsyth Road,1,C,2,2 to,Nil,NA,0,20/07/2018,1,0,,,,,,,,
Macalister,Forsyth Road,6,W,-1, -1 to 0,Nil,NA,0,20/07/2018,1,0,,,,,,,,
Macalister,Forsyth Road,6,A,0,0 to 1,Nil,NA,0,20/07/2018,1,0,,,,,,,,
Macalister,Forsyth Road,6,B,1,1 to 2,Cyperus eragrostis,exotic,2,20/07/2018,1,0,,,,,,,,
Macalister,Forsyth Road,6,C,2,2 to 3,Nil,NA,0,20/07/2018,1,0,,,,,,,,
Macalister,Forsyth Road,7,W,-1, -1 to 0,Nil,NA,0,20/07/2018,1,0,,,,,,,,
Macalister,Forsyth Road,7,A,0,0 to 1,Cyperus eragrostis,exotic,2,20/07/2018,1,0,,,,,,,,
Macalister,Forsyth Road,7,B,1,1 to 2,Cyperus eragrostis,exotic,4,20/07/2018,1,0,,,,,,,,
Macalister,Forsyth Road,7,B,1,1 to 2,Solanum spp.,#N/A,1,20/07/2018,1,0,,,,,,,,
Macalister,Forsyth Road,7,C,2,2 to 3,Nil,NA,0,20/07/2018,1,0,,,,,,,,
Thomson,Cowwarr,2,W,-1, -1 to 0,dicot,#N/A,1,24/10/2018,2,0,,,,,,,,
Thomson,Cowwarr,2,W,-1, -1 to 0,monocot,#N/A,5,24/10/2018,2,0,,,,,,,,
Thomson,Cowwarr,2,A,0,0 to 1,Ranunculus repens,exotic,10_50,24/10/2018,2,0,,,,,,,,
Thomson,Cowwarr,2,A,0,0 to 1,Conium maculatum,exotic,10_50,24/10/2018,2,0,,,,,,,,
Thomson,Cowwarr,2,A,0,0 to 1,Monocot,#N/A,50_100,24/10/2018,2,0,,,,,,,,
Thomson,Cowwarr,2,A,0,0 to 1,Persicaria hydropiper,native,10_50,24/10/2018,2,0,,,,,,,,
Thomson,Cowwarr,2,A,0,0 to 1,Acacia spp.,native,1,24/10/2018,2,0,,,,,,,,
Thomson,Cowwarr,2,B,1,1 to 2,Conium maculatum,exotic,10_50,24/10/2018,2,0,,,,,,,,
Thomson,Cowwarr,2,B,1,1 to 2,Monocot,#N/A,50_100,24/10/2018,2,0,,,,,,,,
Thomson,Cowwarr,2,B,1,1 to 2,Ranunculus repens,exotic,10_50,24/10/2018,2,0,,,,,,,,
Thomson,Cowwarr,2,B,1,1 to 2,Microlaena stipoides var. stipoides,native,10_50,24/10/2018,2,0,,,,,,,,
Thomson,Cowwarr,2,C,2,2 to 3,Dactylis glomerata,exotic,10_50,24/10/2018,2,0,,,,,,,,
Thomson,Cowwarr,2,C,2,2 to 3,Monocot,#N/A,10_50,24/10/2018,2,0,,,,,,,,
Thomson,Cowwarr,2,D,3,3 to 4,Nil,NA,0,24/10/2018,2,0,,,,,,,,
Thomson,Cowwarr,4,W,-1, -1 to 0,Nil,NA,0,24/10/2018,2,0,,,,,,,,
Thomson,Cowwarr,4,A,0,0 to 1,Cyperus eragrostis,exotic,5,24/10/2018,2,0,,,,,,,,
Thomson,Cowwarr,4,A,0,0 to 1,Persicaria hydropiper,native,25,24/10/2018,2,0,,,,,,,,
Thomson,Cowwarr,4,A,0,0 to 1,Monocot,#N/A,10_50,24/10/2018,2,0,,,,,,,,
Thomson,Cowwarr,4,A,0,0 to 1,Lolium spp.,#N/A,10,24/10/2018,2,0,,,,,,,,
Thomson,Cowwarr,4,B,1,1 to 2,Nil,NA,0,24/10/2018,2,0,,,,,,,,
Thomson,Cowwarr,4,C,2,2 to 3,Galium aparine,exotic,4,24/10/2018,2,0,,,,,,,,
Thomson,Cowwarr,4,C,2,2 to 3,Conium maculatum,exotic,3,24/10/2018,2,0,,,,,,,,
Thomson,Cowwarr,1,W,-1, -1 to 0,Nil,NA,0,24/10/2018,2,0,,,,,,,,
Thomson,Cowwarr,1,A,0,0 to 1,Persicaria praetermissa,#N/A,3,24/10/2018,2,0,,,,,,,,
Thomson,Cowwarr,1,B,1,1 to 2,Nil,NA,0,24/10/2018,2,0,,,,,,,,
Thomson,Cowwarr,1,C,2,2 to 3,Nil,NA,,24/10/2018,2,0,,,,,,,,
Thomson,Cowwarr,3,W,-1, -1 to 0,Nil,NA,0,24/10/2018,2,0,,,,,,,,
Thomson,Cowwarr,3,A,0,0 to 1,Vinca/Hypochaeris?,#N/A,10_50,24/10/2018,2,0,,,,,,,,
Thomson,Cowwarr,3,A,0,0 to 1,Persicaria hydropiper,native,10_50,24/10/2018,2,0,,,,,,,,
Thomson,Cowwarr,3,A,0,0 to 1,Conium maculatum,exotic,10_50,24/10/2018,2,0,,,,,,,,
Thomson,Cowwarr,3,A,0,0 to 1,Monocot,#N/A,3,24/10/2018,2,0,,,,,,,,
Thomson,Cowwarr,3,B,1,1 to 2,Vinca?,#N/A,1,24/10/2018,2,0,,,,,,,,
Thomson,Cowwarr,3,B,1,1 to 2,Conium maculatum,exotic,4,24/10/2018,2,0,,,,,,,,
Thomson,Cowwarr,3,C,2,2 to 3,Nil,NA,0,24/10/2018,2,0,,,,,,,,
Thomson,Cowwarr,3,D,3,3 to 4,Nil,NA,0,24/10/2018,2,0,,,,,,,,
Thomson,Cowwarr,5,W,-1, -1 to 0,Nil,NA,0,24/10/2018,2,0,,,,,,,,
Thomson,Cowwarr,5,A,0,0 to 1,Nil,NA,0,24/10/2018,2,0,,,,,,,,
Thomson,Cowwarr,5,B,1,1 to 2,Nil,NA,0,24/10/2018,2,0,,,,,,,,
Thomson,Cowwarr,5,C,2,2 to 3,Nil,NA,0,24/10/2018,2,0,,,,,,,,
Thomson,Heyfield,10,W,-1, -1 to 0,Nil,NA,0,24/10/2018,2,0,,,,,,,,
Thomson,Heyfield,10,A,0,0 to 1,Nil,NA,0,24/10/2018,2,0,,,,,,,,
Thomson,Heyfield,10,B,1,1 to 2,Hypochaeris?,#N/A,1,24/10/2018,2,0,,,,,,,,
Thomson,Heyfield,10,C,2,2 to 3,Hypochaeris?,#N/A,5,24/10/2018,2,0,,,,,,,,
Thomson,Heyfield,7,W,-1, -1 to 0,Persicaria hydropiper,native,10_50,24/10/2018,2,0,,,,,,,,
Thomson,Heyfield,7,W,-1, -1 to 0,Acacia dealbata,native,1,24/10/2018,2,0,,,,,,,,
Thomson,Heyfield,7,A,0,0 to 1,Chardemine spp.,#N/A,2,24/10/2018,2,0,,,,,,,,
Thomson,Heyfield,7,A,0,0 to 1,Persicaria hydropiper,native,100+,24/10/2018,2,0,,,,,,,,
Thomson,Heyfield,7,A,0,0 to 1,Acacia dealbata,native,10_50,24/10/2018,2,0,,,,,,,,
Thomson,Heyfield,7,A,0,0 to 1,Hedera helix,exotic,1,24/10/2018,2,0,,,,,,,,
Thomson,Heyfield,7,A,0,0 to 1,Cerastium POINTY,#N/A,50_100,24/10/2018,2,0,,,,,,,,
Thomson,Heyfield,7,A,0,0 to 1,Lolium spp.,#N/A,5,24/10/2018,2,0,,,,,,,,
Thomson,Heyfield,7,A,0,0 to 1,Euphorbia spp.,#N/A,1,24/10/2018,2,0,,,,,,,,
Thomson,Heyfield,7,A,0,0 to 1,Agrostis spp.,#N/A,3,24/10/2018,2,0,,,,,,,,
Thomson,Heyfield,7,A,0,0 to 1,Dactylis glomerata,exotic,2,24/10/2018,2,0,,,,,,,,
Thomson,Heyfield,7,A,0,0 to 1,Modiola?,#N/A,10_50,24/10/2018,2,0,,,,,,,,
Thomson,Heyfield,7,A,0,0 to 1,Plantago lanceolata,exotic,1,24/10/2018,2,0,,,,,,,,
Thomson,Heyfield,7,A,0,0 to 1,Cirsium spp.,#N/A,1,24/10/2018,2,0,,,,,,,,
Thomson,Heyfield,7,A,0,0 to 1,Melicytus dentatus,native,2,24/10/2018,2,0,,,,,,,,
Thomson,Heyfield,7,B,1,1 to 2,Persicaria hydropiper,native,10_50,24/10/2018,2,0,,,,,,,,
Thomson,Heyfield,7,B,1,1 to 2,Plantago lanceolata,exotic,1,24/10/2018,2,0,,,,,,,,
Thomson,Heyfield,7,B,1,1 to 2,Acacia dealbata,native,4,24/10/2018,2,0,,,,,,,,
Thomson,Heyfield,7,B,1,1 to 2,Modeola?,#N/A,10_50,24/10/2018,2,0,,,,,,,,
Thomson,Heyfield,7,B,1,1 to 2,Melicytus dentatus,native,4,24/10/2018,2,0,,,,,,,,
Thomson,Heyfield,7,C,2,2 to 3,Euphorbia spp.,#N/A,5,24/10/2018,2,0,,,,,,,,
Thomson,Heyfield,7,C,2,2 to 3,Melicytus dentatus,native,2,24/10/2018,2,0,,,,,,,,
Thomson,Heyfield,7,C,2,2 to 3,Persicaria subsessilis,native,2,24/10/2018,2,0,,,,,,,,
Thomson,Heyfield,7,C,2,2 to 3,Conium maculatum,exotic,1,24/10/2018,2,0,,,,,,,,
Thomson,Heyfield,5,W,-1, -1 to 0,Persicaria hydropiper,native,1,24/10/2018,2,0,,,,,,,,
Thomson,Heyfield,5,W,-1, -1 to 0,Cyperus eragrostis,exotic,2,24/10/2018,2,0,,,,,,,,
Thomson,Heyfield,5,A,0,0 to 1,Persicaria hydropiper,native,10_50,24/10/2018,2,0,,,,,,,,
Thomson,Heyfield,5,A,0,0 to 1,Rumex spp.,native,2,24/10/2018,2,0,,,,,,,,
Thomson,Heyfield,5,A,0,0 to 1,Cerastium POINTY,#N/A,1,24/10/2018,2,0,,,,,,,,
Thomson,Heyfield,5,A,0,0 to 1,Conium maculatum,exotic,1,24/10/2018,2,0,,,,,,,,
Thomson,Heyfield,5,B,1,1 to 2,Conium maculatum,exotic,10_50,24/10/2018,2,0,,,,,,,,
Thomson,Heyfield,5,B,1,1 to 2,Persicaria hydropiper,native,4,24/10/2018,2,0,,,,,,,,
Thomson,Heyfield,5,B,1,1 to 2,Cirsium spp.,#N/A,1,24/10/2018,2,0,,,,,,,,
Thomson,Heyfield,5,B,1,1 to 2,Rumex spp.,native,1,24/10/2018,2,0,,,,,,,,
Thomson,Heyfield,5,B,1,1 to 2,Chenopodium album,#N/A,1,24/10/2018,2,0,,,,,,,,
Thomson,Heyfield,5,C,2,2 to 3,Conium maculatum,exotic,10_50,24/10/2018,2,0,,,,,,,,
Thomson,Heyfield,5,C,2,2 to 3,Cirsium spp.,#N/A,1,24/10/2018,2,0,,,,,,,,
Thomson,Heyfield,4,W,-1, -1 to 0,Persicaria hydropiper,native,1,24/10/2018,2,0,,,,,,,,
Thomson,Heyfield,4,A,0,0 to 1,Persicaria hydropiper,native,10_50,24/10/2018,2,0,,,,,,,,
Thomson,Heyfield,4,B,1,1 to 2,Persicaria hydropiper,native,2,24/10/2018,2,0,,,,,,,,
Thomson,Heyfield,4,C,2,2 to 3,Raphanus raphanistrum,exotic,5,24/10/2018,2,0,,,,,,,,
Thomson,Heyfield,3,W,-1, -1 to 0,Persicaria hydropiper,native,5,24/10/2018,2,0,,,,,,,,
Thomson,Heyfield,3,A,0,0 to 1,Persicaria hydropiper,native,10_50,24/10/2018,2,0,,,,,,,,
Thomson,Heyfield,3,A,0,0 to 1,Grassy monocot,#N/A,4,24/10/2018,2,0,,,,,,,,
Thomson,Heyfield,3,B,1,1 to 2,Galium aparine,exotic,2,24/10/2018,2,0,,,,,,,,
Thomson,Heyfield,1,W,-1, -1 to 0,Persicaria hydropiper,native,4,24/10/2018,2,0,,,,,,,,
Thomson,Heyfield,1,A,0,0 to 1,Persicaria hydropiper,native,10_50,24/10/2018,2,0,,,,,,,,
Thomson,Heyfield,1,B,1,1 to 2,Persicaria hydropiper,native,3,24/10/2018,2,0,,,,,,,,
Thomson,Heyfield,1,B,1,1 to 2,Rumex crispus,exotic,1,24/10/2018,2,0,,,,,,,,
Thomson,Heyfield,1,C,2,2 to 3,Persicaria hydropiper,native,2,24/10/2018,2,0,,,,,,,,
Thomson,Heyfield,1,D,3,3 to 4,Plantago lanceolata,exotic,10_50,24/10/2018,2,0,,,,,,,,
Thomson,Heyfield,1,D,3,3 to 4,Raphanus raphanistrum,exotic,10_50,24/10/2018,2,0,,,,,,,,
Thomson,Heyfield,8,W,-1, -1 to 0,Nil,NA,0,24/10/2018,2,0,,,,,,,,
Thomson,Heyfield,8,A,0,0 to 1,Nil,NA,0,24/10/2018,2,0,,,,,,,,
Thomson,Heyfield,8,B,1,1 to 2,Rumex crispus,exotic,1,24/10/2018,2,0,,,,,,,,
Thomson,Heyfield,8,C,2,2 to 3,Nil,NA,0,24/10/2018,2,0,,,,,,,,
Thomson,Heyfield,9,W,-1, -1 to 0,Persicaria hydropiper,native,10_50,24/10/2018,2,0,,,,,,,,
Thomson,Heyfield,9,A,0,0 to 1,Persicaria hydropiper,native,50_100,24/10/2018,2,0,,,,,,,,
Thomson,Heyfield,9,A,0,0 to 1,monocot,#N/A,10_50,24/10/2018,2,0,,,,,,,,
Thomson,Heyfield,9,A,0,0 to 1,Cyperus eragrostis,exotic,2,24/10/2018,2,0,,,,,,,,
Thomson,Heyfield,9,B,1,1 to 2,Conium maculatum,exotic,5,24/10/2018,2,0,,,,,,,,
Thomson,Heyfield,9,C,2,2 to 3,Nil,NA,0,24/10/2018,2,0,,,,,,,,
Thomson,Heyfield,6,W,-1, -1 to 0,Persicaria hydropiper,native,3,24/10/2018,2,0,,,,,,,,
Thomson,Heyfield,6,A,0,0 to 1,Persicaria hydropiper,native,10_50,24/10/2018,2,0,,,,,,,,
Thomson,Heyfield,6,A,0,0 to 1,Persicaria praetermissa,#N/A,10_50,24/10/2018,2,0,,,,,,,,
Thomson,Heyfield,6,A,0,0 to 1,Conium maculatum,exotic,10_50,24/10/2018,2,0,,,,,,,,
Thomson,Heyfield,6,A,0,0 to 1,Oxalis perennans,native,1,24/10/2018,2,0,,,,,,,,
Thomson,Heyfield,6,B,1,1 to 2,Persicaria hydropiper,native,10_50,24/10/2018,2,0,,,,,,,,
Thomson,Heyfield,6,B,1,1 to 2,Persicaria praetermissa,#N/A,10_50,24/10/2018,2,0,,,,,,,,
Thomson,Heyfield,6,B,1,1 to 2,Conium maculatum,exotic,7,24/10/2018,2,0,,,,,,,,
Thomson,Heyfield,6,C,2,2 to 3,Persicaria hydropiper,native,10_50,24/10/2018,2,0,,,,,,,,
Thomson,Heyfield,6,C,2,2 to 3,Persicaria praetermissa,#N/A,10_50,24/10/2018,2,0,,,,,,,,
Thomson,Heyfield,6,C,2,2 to 3,Conium maculatum,exotic,10_50,24/10/2018,2,0,,,,,,,,
Thomson,Heyfield,6,C,2,2 to 3,Monocot,#N/A,10_50,24/10/2018,2,0,,,,,,,,
Thomson,Heyfield,6,D,3,3 to 4,Conium maculatum,exotic,10_50,24/10/2018,2,0,,,,,,,,
Thomson,Heyfield,6,D,3,3 to 4,Monocot,#N/A,10_50,24/10/2018,2,0,,,,,,,,
Thomson,Heyfield,6,D,3,3 to 4,Persicaria hydropiper,native,10_50,24/10/2018,2,0,,,,,,,,
Thomson,Heyfield,2,W,-1, -1 to 0,Persicaria praetermissa,#N/A,10_50,24/10/2018,2,0,,,,,,,,
Thomson,Heyfield,2,W,-1, -1 to 0,Monocot,#N/A,10_50,24/10/2018,2,0,,,,,,,,
Thomson,Heyfield,2,A,0,0 to 1,Persicaria hydropiper,native,10_50,24/10/2018,2,0,,,,,,,,
Thomson,Heyfield,2,A,0,0 to 1,Monocot,#N/A,10_50,24/10/2018,2,0,,,,,,,,
Thomson,Heyfield,2,B,1,1 to 2,Monocot,#N/A,10_50,24/10/2018,2,0,,,,,,,,
Thomson,Heyfield,2,B,1,1 to 2,Ranunculus repens,exotic,10_50,24/10/2018,2,0,,,,,,,,
Thomson,Heyfield,2,C,2,2 to 3,Ranunculus repens,exotic,10_50,24/10/2018,2,0,,,,,,,,
Thomson,Heyfield,2,C,2,2 to 3,Raphanus raphanistrum,exotic,10_50,24/10/2018,2,0,,,,,,,,
Thomson,Heyfield,2,C,2,2 to 3,Conium maculatum,exotic,3,24/10/2018,2,0,,,,,,,,
Thomson,Riverview,4,W,-1, -1 to 0,Nil,NA,0,24/10/2018,2,0,,,,,,,,
Thomson,Riverview,4,A,0,0 to 1,Nil,NA,0,24/10/2018,2,0,,,,,,,,
Thomson,Riverview,4,B,1,1 to 2,Nil,NA,0,24/10/2018,2,0,,,,,,,,
Thomson,Riverview,4,C,2,2 to 3,Nil,NA,0,24/10/2018,2,0,,,,,,,,
Thomson,Riverview,3,W,-1, -1 to 0,Nil,NA,0,24/10/2018,2,0,,,,,,,,
Thomson,Riverview,3,A,0,0 to 1,dicot,#N/A,4,24/10/2018,2,0,,,,,,,,
Thomson,Riverview,3,B,1,1 to 2,dicot,#N/A,2,24/10/2018,2,0,,,,,,,,
Thomson,Riverview,3,C,2,2 to 3,Nil,NA,0,24/10/2018,2,0,,,,,,,,
Thomson,Riverview,2,W,-1, -1 to 0,Persicaria hydropiper,native,2,24/10/2018,2,0,,,,,,,,
Thomson,Riverview,2,A,0,0 to 1,Persicaria hydropiper,native,10_50,24/10/2018,2,0,,,,,,,,
Thomson,Riverview,2,B,1,1 to 2,Persicaria subsessilis,native,2,24/10/2018,2,0,,,,,,,,
Thomson,Riverview,6,W,-1, -1 to 0,Nil,NA,0,24/10/2018,2,0,,,,,,,,
Thomson,Riverview,6,A,0,0 to 1,Tradescantia spp.,#N/A,10_50,24/10/2018,2,0,,,,,,,,
Thomson,Riverview,6,B,1,1 to 2,Tradescantia spp.,#N/A,10_50,24/10/2018,2,0,,,,,,,,
Thomson,Riverview,6,B,1,1 to 2,monocot,#N/A,10_50,24/10/2018,2,0,,,,,,,,
Thomson,Riverview,6,C,2,2 to 3,Nil,NA,0,24/10/2018,2,0,,,,,,,,
Thomson,Riverview,5,W,-1, -1 to 0,Nil,NA,0,24/10/2018,2,0,,,,,,,,
Thomson,Riverview,5,A,0,0 to 1,Nil,NA,0,24/10/2018,2,0,,,,,,,,
Thomson,Riverview,5,B,1,1 to 2,Persicaria hydropiper,native,10_50,24/10/2018,2,0,,,,,,,,
Thomson,Riverview,5,C,2,2 to 3,Nil,NA,0,24/10/2018,2,0,,,,,,,,
Thomson,Riverview,1,W,-1, -1 to 0,dicot,#N/A,3,24/10/2018,2,0,,,,,,,,
Thomson,Riverview,1,A,0,0 to 1,Persicaria hydropiper,native,10_50,24/10/2018,2,0,,,,,,,,
Thomson,Riverview,1,A,0,0 to 1,monocot,#N/A,10_50,24/10/2018,2,0,,,,,,,,
Thomson,Riverview,1,B,1,1 to 2,Tradescantia spp.,#N/A,1,24/10/2018,2,0,,,,,,,,
Thomson,Riverview,1,B,1,1 to 2,monocot,#N/A,10_50,24/10/2018,2,0,,,,,,,,
Macalister,Hagans Bridge,2,W,-1, -1 to 0,Nil,NA,0,25/10/2018,2,0,,,,,,,,
Macalister,Hagans Bridge,2,A,0,0 to1,Persicaria hydropiper,native,5,25/10/2018,2,0,,,,,,,,
Macalister,Hagans Bridge,2,B,1,1 to 2,dicot,#N/A,10_50,25/10/2018,2,0,,,,,,,,
Macalister,Hagans Bridge,2,C,2,2 to 3,Sonchus spp.,#N/A,1,25/10/2018,2,0,,,,,,,,
Macalister,Hagans Bridge,3,W,-1, -1 to 0,Nil,NA,0,25/10/2018,2,0,,,,,,,,
Macalister,Hagans Bridge,3,A,0,0 to 1,dicot,#N/A,10_50,25/10/2018,2,0,,,,,,,,
Macalister,Hagans Bridge,3,A,0,0 to 1,Hypochaeris radicata,exotic,10_50,25/10/2018,2,0,,,,,,,,
Macalister,Hagans Bridge,3,A,0,0 to 1,Euchiton involucratus s.l.,native,10_50,25/10/2018,2,0,,,,,,,,
Macalister,Hagans Bridge,3,A,0,0 to 1,Lobelia anceps,native,5,25/10/2018,2,0,,,,,,,,
Macalister,Hagans Bridge,3,B,1,1 to 2,Hypochaeris radicata,exotic,10_50,25/10/2018,2,0,,,,,,,,
Macalister,Hagans Bridge,3,B,1,1 to 2,Euchiton involucratus s.l.,native,10_50,25/10/2018,2,0,,,,,,,,
Macalister,Hagans Bridge,3,B,1,1 to 2,Acacia dealbata,native,1,25/10/2018,2,0,,,,,,,,
Macalister,Hagans Bridge,3,B,1,1 to 2,Conyza spp.,#N/A,5,25/10/2018,2,0,,,,,,,,
Macalister,Hagans Bridge,3,C,2,2 to 3,Hypochaeris radicata,exotic,10_50,25/10/2018,2,0,,,,,,,,
Macalister,Hagans Bridge,3,C,2,2 to 3,Conyza spp.,#N/A,2,25/10/2018,2,0,,,,,,,,
Macalister,Hagans Bridge,3,C,2,2 to 3,Raphanus raphanistrum,exotic,2,25/10/2018,2,0,,,,,,,,
Macalister,Hagans Bridge,5,W,-1, -1 to 0,Persicaria hydropiper,native,1,25/10/2018,2,0,,,,,,,,
Macalister,Hagans Bridge,5,A,0,0 to 1,Melicytus dentatus,native,4,25/10/2018,2,0,,,,,,,,
Macalister,Hagans Bridge,5,A,0,0 to 1,Hypochaeris radicata,exotic,1,25/10/2018,2,0,,,,,,,,
Macalister,Hagans Bridge,5,B,1,1 to 2,Melicytus dentatus,native,4,25/10/2018,2,0,,,,,,,,
Macalister,Hagans Bridge,5,C,2,2 to 3,Melicytus dentatus,native,2,25/10/2018,2,0,,,,,,,,
Macalister,Hagans Bridge,7,W,-1, -1 to 0,Nil,NA,0,25/10/2018,2,0,,,,,,,,
Macalister,Hagans Bridge,7,A,0,0 to 1,Nil,NA,0,25/10/2018,2,0,,,,,,,,
Macalister,Hagans Bridge,7,B,1,1 to 2,Nil,NA,0,25/10/2018,2,0,,,,,,,,
Macalister,Hagans Bridge,7,C,2,2 to 3,Nil,NA,0,25/10/2018,2,0,,,,,,,,
Macalister,Hagans Bridge,1,W,-1, -1 to 0,Nil,NA,0,25/10/2018,2,0,,,,,,,,
Macalister,Hagans Bridge,1,A,0,0 to 1,Persicaria hydropiper,native,10_50,25/10/2018,2,0,,,,,,,,
Macalister,Hagans Bridge,1,B,1,1 to 2,Persicaria hydropiper,native,10_50,25/10/2018,2,0,,,,,,,,
Macalister,Hagans Bridge,1,B,1,1 to 2,monocot,#N/A,10_50,25/10/2018,2,0,,,,,,,,
Macalister,Hagans Bridge,1,C,2,2 to 3,monocot,#N/A,10_50,25/10/2018,2,0,,,,,,,,
Macalister,Hagans Bridge,1,D,3,3 to 4,Nil,NA,0,25/10/2018,2,0,,,,,,,,
Macalister,Hagans Bridge,4,W,-1, -1 to 0,Nil,NA,0,25/10/2018,2,0,,,,,,,,
Macalister,Hagans Bridge,4,A,0,0 to 1,Nil,NA,0,25/10/2018,2,0,,,,,,,,
Macalister,Hagans Bridge,4,B,1,1 to 2,Nil,NA,0,25/10/2018,2,0,,,,,,,,
Macalister,Hagans Bridge,4,C,2,2 to 3,Hypericum perforatum?,#N/A,10_50,25/10/2018,2,0,,,,,,,,
Macalister,Hagans Bridge,6,W,-1, -1 to 0,Nil,NA,0,25/10/2018,2,0,,,,,,,,
Macalister,Hagans Bridge,6,A,0,0 to 1,Nil,NA,0,25/10/2018,2,0,,,,,,,,
Macalister,Hagans Bridge,6,B,1,1 to 2,Nil,NA,0,25/10/2018,2,0,,,,,,,,
Macalister,Hagans Bridge,6,C,2,2 to 3,dicot,#N/A,10_50,25/10/2018,2,0,,,,,,,,
Macalister,Hagans Bridge,6,D,3,3 to 4,monocot,#N/A,10_50,25/10/2018,2,0,,,,,,,,
Macalister,Bellbird Reserve,5,W,-1, -1 to 0,dicot,#N/A,4,25/10/2018,2,0,,,,,,,,
Macalister,Bellbird Reserve,5,A,0,0 to 1,dicot,#N/A,10_50,25/10/2018,2,0,,,,,,,,
Macalister,Bellbird Reserve,5,B,1,1 to 2,Sonchus spp.,#N/A,1,25/10/2018,2,0,,,,,,,,
Macalister,Bellbird Reserve,5,B,1,1 to 2,Melicytus dentatus,native,1,25/10/2018,2,0,,,,,,,,
Macalister,Bellbird Reserve,5,C,2,2 to 3,Lactuca spp.,#N/A,2,25/10/2018,2,0,,,,,,,,
Macalister,Bellbird Reserve,5,C,2,2 to 3,Persicaria hydropiper,native,2,25/10/2018,2,0,,,,,,,,
Macalister,Bellbird Reserve,5,C,2,2 to 3,Solanum nigrum s.l.,exotic,3,25/10/2018,2,0,,,,,,,,
Macalister,Bellbird Reserve,4,W,-1, -1 to 0,Nil,NA,0,25/10/2018,2,0,,,,,,,,
Macalister,Bellbird Reserve,4,A,0,0 to 1,Melicytus dentatus,native,2,25/10/2018,2,0,,,,,,,,
Macalister,Bellbird Reserve,4,A,0,0 to 1,Sonchus spp.,#N/A,1,25/10/2018,2,0,,,,,,,,
Macalister,Bellbird Reserve,4,A,0,0 to 1,Conyza spp.,#N/A,1,25/10/2018,2,0,,,,,,,,
Macalister,Bellbird Reserve,4,A,0,0 to 1,dicot,#N/A,2,25/10/2018,2,0,,,,,,,,
Macalister,Bellbird Reserve,4,B,1,1 to 2,Melicytus dentatus,native,4,25/10/2018,2,0,,,,,,,,
Macalister,Bellbird Reserve,4,C,2,2 to 3,Melicytus dentatus,native,2,25/10/2018,2,0,,,,,,,,
Macalister,Bellbird Reserve,2,W,-1, -1 to 0,dicot,#N/A,2,25/10/2018,2,0,,,,,,,,
Macalister,Bellbird Reserve,2,A,0,0 to 1,Persicaria hydropiper,native,6,25/10/2018,2,0,,,,,,,,
Macalister,Bellbird Reserve,2,A,0,0 to 1,Cyperus eragrostis,exotic,5,25/10/2018,2,0,,,,,,,,
Macalister,Bellbird Reserve,2,A,0,0 to 1,dicot,#N/A,10_50,25/10/2018,2,0,,,,,,,,
Macalister,Bellbird Reserve,2,A,0,0 to 1,Monocot,#N/A,10_50,25/10/2018,2,0,,,,,,,,
Macalister,Bellbird Reserve,2,B,1,1 to 2,dicot,#N/A,10_50,25/10/2018,2,0,,,,,,,,
Macalister,Bellbird Reserve,2,B,1,1 to 2,Monocot,#N/A,10_50,25/10/2018,2,0,,,,,,,,
Macalister,Bellbird Reserve,2,B,1,1 to 2,Persicaria hydropiper,native,2,25/10/2018,2,0,,,,,,,,
Macalister,Bellbird Reserve,2,C,2,2 to 3,Nil,NA,0,25/10/2018,2,0,,,,,,,,
Macalister,Bellbird Reserve,6,W,-1, -1 to 0,Nil,NA,0,25/10/2018,2,0,,,,,,,,
Macalister,Bellbird Reserve,6,A,0,0 to 1,Sonchus oleraceus,exotic,1,25/10/2018,2,0,,,,,,,,
Macalister,Bellbird Reserve,6,B,1,1 to 2,Nil,NA,0,25/10/2018,2,0,,,,,,,,
Macalister,Bellbird Reserve,3,W,-1, -1 to 0,Nil,NA,0,25/10/2018,2,0,,,,,,,,
Macalister,Bellbird Reserve,3,A,0,0 to 1,Acacia spp.,native,10_50,25/10/2018,2,0,,,,,,,,
Macalister,Bellbird Reserve,3,B,1,1 to 2,Microlaena stipoides var. stipoides,native,10_50,25/10/2018,2,0,,,,,,,,
Macalister,Bellbird Reserve,1,W,-1, -1 to 0,Nil,NA,0,25/10/2018,2,0,,,,,,,,
Macalister,Bellbird Reserve,1,A,0,0 to 1,Nil,NA,0,25/10/2018,2,0,,,,,,,,
Macalister,Bellbird Reserve,1,B,1,1 to 2,Nil,NA,0,25/10/2018,2,0,,,,,,,,
Macalister,Forsyth Road,1,W,-1, -1 to 0,Nil,NA,0,25/10/2018,2,0,,,,,,,,
Macalister,Forsyth Road,1,A,0,0 to 1,Nil,NA,0,25/10/2018,2,0,,,,,,,,
Macalister,Forsyth Road,1,B,1,1 to 2,Chenopodium album,#N/A,2,25/10/2018,2,0,,,,,,,,
Macalister,Forsyth Road,1,C,2,2 to 3,Nil,NA,0,25/10/2018,2,0,,,,,,,,
Macalister,Forsyth Road,4,W,-1, -1 to 0,Nil,NA,0,25/10/2018,2,0,,,,,,,,
Macalister,Forsyth Road,4,A,0,0 to 1,Nil,NA,0,25/10/2018,2,0,,,,,,,,
Macalister,Forsyth Road,4,B,1,1 to 2,Tradescantia spp.,#N/A,5,25/10/2018,2,0,,,,,,,,
Macalister,Forsyth Road,4,B,1,1 to 2,Microlaena stipoides var. stipoides,native,10_50,25/10/2018,2,0,,,,,,,,
Macalister,Forsyth Road,4,C,2,2 to 3,Cyperus eragrostis,exotic,10_50,25/10/2018,2,0,,,,,,,,
Macalister,Forsyth Road,6,W,-1, -1 to 0,Nil,NA,0,25/10/2018,2,0,,,,,,,,
Macalister,Forsyth Road,6,A,0,0 to 1,monocot,#N/A,10_50,25/10/2018,2,0,,,,,,,,
Macalister,Forsyth Road,6,B,1,1 to 2,monocot,#N/A,5,25/10/2018,2,0,,,,,,,,
Macalister,Forsyth Road,6,C,2,2 to 3,Hypochaeris radicata,exotic,1,25/10/2018,2,0,,,,,,,,
Macalister,Forsyth Road,2,W,-1, -1 to 0,Nil,NA,0,25/10/2018,2,0,,,,,,,,
Macalister,Forsyth Road,2,A,0,0 to 1,Nil,NA,0,25/10/2018,2,0,,,,,,,,
Macalister,Forsyth Road,2,B,1,1 to 2,Nil,NA,0,25/10/2018,2,0,,,,,,,,
Macalister,Forsyth Road,2,C,2,2 to 3,Nil,NA,0,25/10/2018,2,0,,,,,,,,
Macalister,Forsyth Road,3,W,-1, -1 to 0,dicot,#N/A,2,25/10/2018,2,0,,,,,,,,
Macalister,Forsyth Road,3,A,0,0 to 1,dicot,#N/A,2,25/10/2018,2,0,,,,,,,,
Macalister,Forsyth Road,3,B,1,1 to 2,Nil,NA,0,25/10/2018,2,0,,,,,,,,
Macalister,Forsyth Road,3,C,2,2 to 3,Nil,NA,0,25/10/2018,2,0,,,,,,,,
Macalister,Forsyth Road,5,W,-1, -1 to 0,Isolepis inundatus,#N/A,3,25/10/2018,2,0,,,,,,,,
Macalister,Forsyth Road,5,W,-1, -1 to 0,dicot,#N/A,1,25/10/2018,2,0,,,,,,,,
Macalister,Forsyth Road,5,A,0,0 to 1,Nil,NA,0,25/10/2018,2,0,,,,,,,,
Macalister,Forsyth Road,5,B,1,1 to 2,Nil,NA,0,25/10/2018,2,0,,,,,,,,
Macalister,Forsyth Road,5,C,2,2 to 3,Dactylis glomerata,exotic,1,25/10/2018,2,0,,,,,,,,
Macalister,Forsyth Road,5,C,2,2 to 3,Sonchus spp.,#N/A,1,25/10/2018,2,0,,,,,,,,
Macalister,Forsyth Road,7,W,-1, -1 to 0,Nil,NA,0,25/10/2018,2,0,,,,,,,,
Macalister,Forsyth Road,7,A,0,0 to 1,Nil,NA,0,25/10/2018,2,0,,,,,,,,
Macalister,Forsyth Road,7,B,1,1 to 2,Persicaria hydropiper??,#N/A,5,25/10/2018,2,0,,,,,,,,
Macalister,Cowwarr Road,1,W,-1, -1 to 0,Nil,NA,0,19/02/2019,3,0,,,,,,,,
Macalister,Cowwarr Road,1,A,0,0 to 1,Nil,NA,1,19/02/2019,3,0,,,,,,,,
Macalister,Cowwarr Road,1,B,1,1 to 2,Nil,NA,2,19/02/2019,3,0,,,,,,,,
Macalister,Cowwarr Road,1,C,2,2 to 3,Nil,NA,3,19/02/2019,3,0,,,,,,,,
Macalister,Cowwarr Road,2,W,-1, -1 to 0,Ludwigia spp.,#N/A,1,19/02/2019,3,0,,,,,,,,
Macalister,Cowwarr Road,2,W,-1, -1 to 0,dicot,#N/A,1,19/02/2019,3,0,,,,,,,,
Macalister,Cowwarr Road,2,A,0,0 to 1,Cyperaceae,#N/A,10_50,19/02/2019,3,0,,,,,,,,
Macalister,Cowwarr Road,2,B,1,1 to 2,Nil,NA,0,19/02/2019,3,0,,,,,,,,
Macalister,Cowwarr Road,2,C,2,2 to 3,Nil,NA,0,19/02/2019,3,0,,,,,,,,
Macalister,Cowwarr Road,2,D,3,3 to 4,Nil,NA,0,19/02/2019,3,0,,,,,,,,
Macalister,Cowwarr Road,4,W,-1, -1 to 0,Ludwigia spp.,#N/A,5,19/02/2019,3,0,,,,,,,,
Macalister,Cowwarr Road,4,W,-1, -1 to 0,Persicaria hydropiper,native,1,19/02/2019,3,0,,,,,,,,
Macalister,Cowwarr Road,4,A,0,0 to 1,Ludwigia spp.,#N/A,10_50,19/02/2019,3,0,,,,,,,,
Macalister,Cowwarr Road,4,A,0,0 to 1,Lythrum hyssopifolia,native,10_50,19/02/2019,3,0,,,,,,,,
Macalister,Cowwarr Road,4,A,0,0 to 1,Persicaria hydropiper,native,8,19/02/2019,3,0,,,,,,,,
Macalister,Cowwarr Road,4,A,0,0 to 1,Cyperus eragrostis,exotic,10_50,19/02/2019,3,0,,,,,,,,
Macalister,Cowwarr Road,4,B,1,1 to 2,Hypochaeris radicata,exotic,1,19/02/2019,3,0,,,,,,,,
Macalister,Cowwarr Road,4,C,2,2 to 3,Euphorbia spp.,#N/A,10_50,19/02/2019,3,0,was it E. lathyris?,,,,,,,
Macalister,Heyfield,10,W,-1, -1 to 0,Nil,NA,0,19/02/2019,3,0,,,,,,,,
Macalister,Heyfield,10,A,0,0 to 1,Nil,NA,0,19/02/2019,3,0,,,,,,,,
Macalister,Heyfield,10,B,1,1 to 2,Nil,NA,0,19/02/2019,3,0,,,,,,,,
Macalister,Heyfield,10,C,2,2 to 3,Nil,NA,0,19/02/2019,3,0,,,,,,,,
Macalister,Heyfield,7,W,-1, -1 to 0,Cyperus eragrostis,exotic,10_50,19/02/2019,3,0,,,,,,,,
Macalister,Heyfield,7,W,-1, -1 to 0,Persicaria spp.,#N/A,3,19/02/2019,3,0,,,,,,,,
Macalister,Heyfield,7,A,0,0 to 1,Solanum nigrum s.l.,exotic,1,19/02/2019,3,0,,,,,,,,
Macalister,Heyfield,7,A,0,0 to 1,Cyperus eragrostis,exotic,10_50,19/02/2019,3,0,,,,,,,,
Macalister,Heyfield,7,A,0,0 to 1,Melicytus dentatus,native,2,19/02/2019,3,0,,,,,,,,
Macalister,Heyfield,7,A,0,0 to 1,Conium maculatum,exotic,1,19/02/2019,3,0,,,,,,,,
Macalister,Heyfield,7,A,0,0 to 1,Sonchus spp.,#N/A,4,19/02/2019,3,0,,,,,,,,
Macalister,Heyfield,7,A,0,0 to 1,Cirsium spp.,#N/A,1,19/02/2019,3,0,,,,,,,,
Macalister,Heyfield,7,A,0,0 to 1,Acacia dealbata,native,4,19/02/2019,3,0,,,,,,,,
Macalister,Heyfield,7,A,0,0 to 1,Persicaria spp.,#N/A,4,19/02/2019,3,0,,,,,,,,
Macalister,Heyfield,7,B,1,1 to 2,Acacia dealbata,native,1,19/02/2019,3,0,,,,,,,,
Macalister,Heyfield,7,C,2,2 to 3,Euphorbia spp.,#N/A,2,19/02/2019,3,0,,,,,,,,
Macalister,Heyfield,7,C,2,2 to 3,dicot,#N/A,3,19/02/2019,3,0,,,,,,,,
Macalister,Heyfield,6,W,-1, -1 to 0,Nil,NA,0,19/02/2019,3,0,,,,,,,,
Macalister,Heyfield,6,A,0,0 to 1,Nil,NA,0,19/02/2019,3,0,,,,,,,,
Macalister,Heyfield,6,B,1,1 to 2,Nil,NA,0,19/02/2019,3,0,,,,,,,,
Macalister,Heyfield,6,C,2,2 to 3,Nil,NA,0,19/02/2019,3,0,,,,,,,,
Macalister,Heyfield,6,D,3,3 to 4,Nil,NA,0,19/02/2019,3,0,,,,,,,,
Macalister,Heyfield,4,W,-1, -1 to 0,Cyperus eragrostis,exotic,10_50,19/02/2019,3,0,,,,,,,,
Macalister,Heyfield,4,A,0,0 to 1,Cyperus eragrostis,exotic,5,19/02/2019,3,0,,,,,,,,
Macalister,Heyfield,4,B,1,1 to 2,Nil,NA,0,19/02/2019,3,0,,,,,,,,
Macalister,Heyfield,3,W,-1, -1 to 0,Nil,NA,0,19/02/2019,3,0,,,,,,,,
Macalister,Heyfield,3,A,0,0 to 1,Verbena spp.,#N/A,3,19/02/2019,3,0,,,,,,,,
Macalister,Heyfield,3,B,1,1 to 2,Nil,NA,0,19/02/2019,3,0,,,,,,,,
Macalister,Heyfield,1,W,-1, -1 to 0,Nil,NA,0,19/02/2019,3,0,,,,,,,,
Macalister,Heyfield,1,A,0,0 to 1,Nil,NA,0,19/02/2019,3,0,,,,,,,,
Macalister,Heyfield,1,B,1,1 to 2,Nil,NA,0,19/02/2019,3,0,,,,,,,,
Macalister,Heyfield,1,C,2,2 to 3,Nil,NA,0,19/02/2019,3,0,,,,,,,,
Macalister,Heyfield,1,D,3,3 to 4,Nil,NA,0,19/02/2019,3,0,,,,,,,,
Macalister,Heyfield,1,E,4,4 to 5,Nil,NA,0,19/02/2019,3,0,,,,,,,,
Thomson,Riverview Road,5,W,-1, -1 to 0,Nil,NA,0,19/02/2019,3,0,,,,,,,,
Thomson,Riverview Road,5,A,0,0 to 1,Nil,NA,0,19/02/2019,3,0,,,,,,,,
Thomson,Riverview Road,5,B,1,1 to 2,Nil,NA,0,19/02/2019,3,0,,,,,,,,
Thomson,Riverview Road,5,C,2,2 to 3,Nil,NA,0,19/02/2019,3,0,,,,,,,,
Thomson,Riverview Road,3,W,-1, -1 to 0,Nil,NA,0,19/02/2019,3,0,,,,,,,,
Thomson,Riverview Road,3,A,0,0 to 1,Nil,NA,0,19/02/2019,3,0,,,,,,,,
Thomson,Riverview Road,3,B,1,1 to 2,Nil,NA,0,19/02/2019,3,0,,,,,,,,
Thomson,Riverview Road,2,A,-1, -1 to 0,Myosotis spp.,#N/A,5,19/02/2019,3,0,,,,,,,,
Thomson,Riverview Road,2,B,0,0 to 1,Nil,NA,0,19/02/2019,3,0,,,,,,,,
Thomson,Riverview Road,2,C,1,1 to 2,Nil,NA,0,19/02/2019,3,0,,,,,,,,
Thomson,Riverview Road,1,W,-1, -1 to 0,Nil,NA,0,19/02/2019,3,0,Recruits not in book - transect done by both Scott/Chris and Lyndsey so maybe we all forgot - most likely no recruits based on previous transects,,,,,,,
Thomson,Riverview Road,1,A,0,0 to 1,Nil,NA,0,19/02/2019,3,0,,,,,,,,
Thomson,Riverview Road,1,B,1,1 to 2,Nil,NA,0,19/02/2019,3,0,,,,,,,,
Macalister,Hagans Bridge,1,W,-1, -1 to 0,Nil,NA,0,20/02/2019,3,0,,,,,,,,
Macalister,Hagans Bridge,1,A,0,0 to 1,dicot,#N/A,10_50,20/02/2019,3,0,,,,,,,,
Macalister,Hagans Bridge,1,B,1,1 to 2,dicot,#N/A,5,20/02/2019,3,0,,,,,,,,
Macalister,Hagans Bridge,1,C,2,2 to 3,Nil,NA,0,20/02/2019,3,0,,,,,,,,
Macalister,Hagans Bridge,1,D,2,3 to 4,Nil,NA,0,20/02/2019,3,0,,,,,,,,
Macalister,Hagans Bridge,3,W,-1, -1 to 0,Nil,NA,0,20/02/2019,3,0,,,,,,,,
Macalister,Hagans Bridge,3,A,0,0 to 1,Nil,NA,0,20/02/2019,3,0,,,,,,,,
Macalister,Hagans Bridge,3,B,1,1 to 2,Nil,NA,0,20/02/2019,3,0,,,,,,,,
Macalister,Hagans Bridge,3,C,2,2 to 3,Nil,NA,0,20/02/2019,3,0,,,,,,,,
Macalister,Hagans Bridge,5,W,-1, -1 to 0,Nil,NA,0,20/02/2019,3,0,,,,,,,,
Macalister,Hagans Bridge,5,A,0,0 to 1,Nil,NA,0,20/02/2019,3,0,,,,,,,,
Macalister,Hagans Bridge,5,B,1,1 to 2,Nil,NA,0,20/02/2019,3,0,,,,,,,,
Macalister,Hagans Bridge,5,C,2,2 to 3,Nil,NA,0,20/02/2019,3,0,,,,,,,,
Macalister,Hagans Bridge,6,W,-1, -1 to 0,Nil,NA,0,20/02/2019,3,0,,,,,,,,
Macalister,Hagans Bridge,6,A,0,0 to1,Nil,NA,0,20/02/2019,3,0,,,,,,,,
Macalister,Hagans Bridge,6,B,1,1 to 2,Nil,NA,0,20/02/2019,3,0,,,,,,,,
Macalister,Hagans Bridge,6,C,2,2 to 3,Aster subulatus,exotic,10_50,20/02/2019,3,0,,,,,,,,
Macalister,Hagans Bridge,6,C,2,2 to 3,Verbena spp.,#N/A,10_50,20/02/2019,3,0,,,,,,,,
Macalister,Hagans Bridge,6,C,2,2 to 3,Atriplex spp.?,#N/A,5,20/02/2019,3,0,question mark on species,,,,,,,
Macalister,Hagans Bridge,6,D,3,3 to 4,Nil,NA,0,20/02/2019,3,0,,,,,,,,
Macalister,Hagans Bridge,7,W,-1, -1 to 0,Nil,NA,0,20/02/2019,3,0,,,,,,,,
Macalister,Hagans Bridge,7,A,0,0 to 1,Nil,NA,0,20/02/2019,3,0,,,,,,,,
Macalister,Hagans Bridge,7,B,1,1 to 2,Nil,NA,0,20/02/2019,3,0,,,,,,,,
Macalister,Hagans Bridge,7,C,2,2 to 3,Nil,NA,0,20/02/2019,3,0,,,,,,,,
Macalister,Bellbird Reserve,5,W,-1, -1 to 0,Nil,NA,0,20/02/2019,3,0,,,,,,,,
Macalister,Bellbird Reserve,5,A,0,0 to 1,Nil,NA,0,20/02/2019,3,0,,,,,,,,
Macalister,Bellbird Reserve,5,B,1,1 to 2,Nil,NA,0,20/02/2019,3,0,,,,,,,,
Macalister,Bellbird Reserve,5,C,2,2 to 3,Nil,NA,0,20/02/2019,3,0,,,,,,,,
Macalister,Bellbird Reserve,4,W,-1, -1 to 0,monocot,#N/A,10_50,20/02/2019,3,0,,,,,,,,
Macalister,Bellbird Reserve,4,A,0,0 to 1,Conyza spp.,#N/A,2,20/02/2019,3,0,,,,,,,,
Macalister,Bellbird Reserve,4,B,1,1 to 2,Nil,NA,0,20/02/2019,3,0,,,,,,,,
Macalister,Bellbird Reserve,4,C,2, 2 to 3,Nil,NA,0,20/02/2019,3,0,,,,,,,,
Macalister,Bellbird Reserve,2,W,-1, -1 to 0,Nil,NA,,20/02/2019,3,0,,,,,,,,
Macalister,Bellbird Reserve,2,A,0,0 to 1,Cyperus eragrostis,exotic,10_50,20/02/2019,3,0,,,,,,,,
Macalister,Bellbird Reserve,2,A,0,0 to 1,Alternanthera denticulata s.s.,native,10_50,20/02/2019,3,0,,,,,,,,
Macalister,Bellbird Reserve,2,A,0,0 to 1,persicaria hy,#N/A,2,20/02/2019,3,0,,,,,,,,
Macalister,Bellbird Reserve,2,A,0,0 to 1,Persicaria praetermissa,#N/A,2,20/02/2019,3,0,,,,,,,,
Macalister,Bellbird Reserve,2,B,1,1 to 2,Cyperus eragrostis,exotic,10_50,20/02/2019,3,0,,,,,,,,
Macalister,Bellbird Reserve,2,B,1,1 to 2,Alternanthera denticulata s.s.,native,6,20/02/2019,3,0,,,,,,,,
Macalister,Bellbird Reserve,2,C,2,2 to 3,Sonchus spp.,#N/A,1,20/02/2019,3,0,,,,,,,,
Macalister,Bellbird Reserve,2,C,2,2 to 3,Microlaena stipoides var. stipoides,native,10_50,20/02/2019,3,0,,,,,,,,
Macalister,Forsyth Road,6,W,-1, -1 to 0,Nil,NA,0,20/02/2019,3,0,,,,,,,,
Macalister,Forsyth Road,6,A,0,0 to 1,Nil,NA,0,20/02/2019,3,0,,,,,,,,
Macalister,Forsyth Road,6,B,1,1 to 2,Nil,NA,0,20/02/2019,3,0,,,,,,,,
Macalister,Forsyth Road,6,C,2,2 to 3,Nil,NA,0,20/02/2019,3,0,,,,,,,,
Macalister,Forsyth Road,1,W,-1, -1 to 0,Nil,NA,0,20/02/2019,3,0,,,,,,,,
Macalister,Forsyth Road,1,A,0,0 to 1,Ludwigia spp.,#N/A,1,20/02/2019,3,0,,,,,,,,
Macalister,Forsyth Road,1,B,1,1 to 2,Nil,NA,0,20/02/2019,3,0,,,,,,,,
Macalister,Forsyth Road,1,C,2,2 to 3,Nil,NA,0,20/02/2019,3,0,,,,,,,,
Macalister,Forsyth Road,4,W,-1, -1 to 0,Nil,NA,0,20/02/2019,3,0,,,,,,,,
Macalister,Forsyth Road,4,A,0,0 to 1,Nil,NA,0,20/02/2019,3,0,,,,,,,,
Macalister,Forsyth Road,4,B,1,1 to 2,Nil,NA,0,20/02/2019,3,0,,,,,,,,
Macalister,Forsyth Road,4,C,2,2 to 3,Nil,NA,0,20/02/2019,3,0,,,,,,,,
Macalister,Forsyth Road,3,W,-1, -1 to 0,Nil,NA,0,20/02/2019,3,0,,,,,,,,
Macalister,Forsyth Road,3,A,0,0 to 1,Nil,NA,0,20/02/2019,3,0,,,,,,,,
Macalister,Forsyth Road,3,B,1,1 to 2,Nil,NA,0,20/02/2019,3,0,,,,,,,,
Thomson,Cowwarr Road,3,W,-1, -1 to 0,monocot,#N/A,10_50,19/02/2019,3,0,,,,,,,,
Thomson,Cowwarr Road,3,A,0,0 to 1,Nil,NA,0,19/02/2019,3,0,,,,,,,,
Thomson,Cowwarr Road,3,B,1,1 to 2,Nil,NA,0,19/02/2019,3,0,,,,,,,,
Thomson,Cowwarr Road,3,C,2,2 to 3,Nil,NA,0,19/02/2019,3,0,,,,,,,,
Thomson,Cowwarr Road,5,W,-1, -1 to 0,Nil,NA,0,19/02/2019,3,0,,,,,,,,
Thomson,Cowwarr Road,5,A,0,0 to 1,Nil,NA,0,19/02/2019,3,0,,,,,,,,
Thomson,Cowwarr Road,5,B,1,1 to 2,Nil,NA,0,19/02/2019,3,0,,,,,,,,
Thomson,Cowwarr Road,5,C,2,2 to 3,Nil,NA,0,19/02/2019,3,0,,,,,,,,
Thomson,Heyfield,9,W,-1, -1 to 0,Isolepis spp.,#N/A,10_50,19/02/2019,3,0,,,,,,,,
Thomson,Heyfield,9,A,0,0 to 1,Acacia spp.,native,1,19/02/2019,3,0,,,,,,,,
Thomson,Heyfield,9,B,1,1 to 2,Nil,NA,0,19/02/2019,3,0,,,,,,,,
Thomson,Heyfield,9,C,2,2 to 3,Nil,NA,0,19/02/2019,3,0,,,,,,,,
Thomson,Heyfield,8,W,-1, -1 to 0,Nil,NA,0,19/02/2019,3,0,,,,,,,,
Thomson,Heyfield,8,A,0,0 to 1,Nil,NA,0,19/02/2019,3,0,,,,,,,,
Thomson,Heyfield,8,B,1,1 to 2,Nil,NA,0,19/02/2019,3,0,,,,,,,,
Thomson,Heyfield,8,C,2,2 to 3,Nil,NA,0,19/02/2019,3,0,,,,,,,,
Thomson,Heyfield,5,W,-1, -1 to 0,Cyperus eragrostis,exotic,2,19/02/2019,3,0,,,,,,,,
Thomson,Heyfield,5,W,-1, -1 to 0,dicot,#N/A,2,19/02/2019,3,0,,,,,,,,
Thomson,Heyfield,5,A,0,0 to 1,Persicaria hydropiper,native,10_50,19/02/2019,3,0,,,,,,,,
Thomson,Heyfield,5,A,0,0 to 1,Acacia dealbata,native,2,19/02/2019,3,0,,,,,,,,
Thomson,Heyfield,5,B,1,1 to 2,Conium maculatum,exotic,1,19/02/2019,3,0,,,,,,,,
Thomson,Heyfield,5,C,2,2 to 3,Acacia dealbata,native,1,19/02/2019,3,0,,,,,,,,
Thomson,Heyfield,2,W,-1, -1 to 0,Nil,NA,0,19/02/2019,3,0,,,,,,,,
Thomson,Heyfield,2,A,0,0 to 1,Nil,NA,0,19/02/2019,3,0,,,,,,,,
Thomson,Heyfield,2,B,1,1 to 2,Nil,NA,0,19/02/2019,3,0,,,,,,,,
Thomson,Heyfield,2,C,2,2 to 3,Persicaria hydropiper,native,1,19/02/2019,3,0,,,,,,,,
Thomson,Riverview Road,6,W,-1, -1 to 0,dicot,#N/A,2,19/02/2019,3,0,,,,,,,,
Thomson,Riverview Road,6,W,-1, -1 to 0,Tradescantia spp.,#N/A,1,19/02/2019,3,0,,,,,,,,
Thomson,Riverview Road,6,W,-1, -1 to 0,Isolepis spp.,#N/A,10_50,19/02/2019,3,0,,,,,,,,
Thomson,Riverview Road,6,W,-1, -1 to 0,Myosotis spp.,#N/A,3,19/02/2019,3,0,,,,,,,,
Thomson,Riverview Road,6,A,0,0 to 1,Nil,NA,0,19/02/2019,3,0,,,,,,,,
Thomson,Riverview Road,6,B,1,1 to 2,Nil,NA,0,19/02/2019,3,0,,,,,,,,
Thomson,Riverview Road,6,C,2,2 to 3,Nil,NA,0,19/02/2019,3,0,,,,,,,,
Thomson,Riverview Road,4,W,-1, -1 to 0,Nil,NA,0,19/02/2019,3,0,,,,,,,,
Thomson,Riverview Road,4,A,0,0 to 1,Nil,NA,0,19/02/2019,3,0,,,,,,,,
Thomson,Riverview Road,4,B,1,1 to 2,Nil,NA,0,19/02/2019,3,0,,,,,,,,
Thomson,Riverview Road,4,C,2,2 to 3,Nil,NA,0,19/02/2019,3,0,,,,,,,,
Macalister,Hagans Bridge,2,W,-1, -1 to 0,Nil,NA,0,20/02/2019,3,0,,,,,,,,
Macalister,Hagans Bridge,2,A,0,0 to 1,Nil,NA,0,20/02/2019,3,0,,,,,,,,
Macalister,Hagans Bridge,2,B,1,1 to 2,persicaria spp.,#N/A,3,20/02/2019,3,0,,,,,,,,
Macalister,Hagans Bridge,2,C,2,2 to 3,persicaria spp.,#N/A,2,20/02/2019,3,0,,,,,,,,
Macalister,Hagans Bridge,4,W,-1, -1 to 0,Nil,NA,0,20/02/2019,3,0,,,,,,,,
Macalister,Hagans Bridge,4,A,0,0 to 1,Nil,NA,0,20/02/2019,3,0,,,,,,,,
Macalister,Hagans Bridge,4,B,1,1 to 2,Hypericum spp.,#N/A,10_50,20/02/2019,3,0,,,,,,,,
Macalister,Hagans Bridge,4,B,1,1 to 2,Persicaria subsessilis,native,1,20/02/2019,3,0,,,,,,,,
Macalister,Hagans Bridge,4,C,2,2 to 3,Nil,NA,0,20/02/2019,3,0,,,,,,,,
Macalister,Bellbird Reserve,6,W,-1, -1 to 0,Nil,NA,0,20/02/2019,3,0,No recruits in book - assuming none as next transect also has none??,,,,,,,
Macalister,Bellbird Reserve,6,A,0,0 to 1,Nil,NA,0,20/02/2019,3,0,,,,,,,,
Macalister,Bellbird Reserve,6,B,1,1 to 2,Nil,NA,0,20/02/2019,3,0,,,,,,,,
Macalister,Bellbird Reserve,6,C,2,2 to 3,Nil,NA,0,20/02/2019,3,0,,,,,,,,
Macalister,Bellbird Reserve,3,W,-1, -1 to 0,Nil,NA,0,20/02/2019,3,0,,,,,,,,
Macalister,Bellbird Reserve,3,A,0,0 to 1,Nil,NA,0,20/02/2019,3,0,,,,,,,,
Macalister,Bellbird Reserve,3,B,1,1 to 2,Persicaria subsessilis,native,1,20/02/2019,3,0,,,,,,,,
Macalister,Bellbird Reserve,1,W,-1, -1 to 0,Nil,NA,0,20/02/2019,3,0,,,,,,,,
Macalister,Bellbird Reserve,1,A,0,0 to 1,dicot,#N/A,3,20/02/2019,3,0,,,,,,,,
Macalister,Bellbird Reserve,1,B,1,1 to 2,Nil,NA,0,20/02/2019,3,0,,,,,,,,
Macalister,Forsyth Road,7,W,-1, -1 to 0,Nil,NA,0,20/02/2019,3,0,,,,,,,,
Macalister,Forsyth Road,7,A,0,0 to 1,Nil,NA,0,20/02/2019,3,0,,,,,,,,
Macalister,Forsyth Road,7,B,1,1 to 2,Nil,NA,0,20/02/2019,3,0,,,,,,,,
Macalister,Forsyth Road,2,W,-1, -1 to 0,Nil,NA,0,20/02/2019,3,0,,,,,,,,
Macalister,Forsyth Road,2,A,0,0 to 1,Alternanthera denticulata s.s.,native,4,20/02/2019,3,0,,,,,,,,
Macalister,Forsyth Road,2,B,1,1 to 2,Alternanthera denticulata s.s.,native,1,20/02/2019,3,0,,,,,,,,
Macalister,Forsyth Road,2,C,2,2 to 3,Nil,NA,0,20/02/2019,3,0,,,,,,,,
Macalister,Forsyth Road,5,W,-1, -1 to 0,dicot,#N/A,1,20/02/2019,3,0,,,,,,,,
Macalister,Forsyth Road,5,A,0,0 to 1,Nil,NA,0,20/02/2019,3,0,,,,,,,,
Macalister,Forsyth Road,5,B,1,1 to 2,Nil,NA,0,20/02/2019,3,0,,,,,,,,
,,,C,2,2 to 3,Nil,NA,0,,,,,,,,,,,
